{"version":22,"sheets":[{"id":"93da6388-bad3-4323-88e6-1e32631937f3","name":"Materials","colNumber":26,"rowNumber":100,"rows":{},"cols":{},"merges":[],"cells":{"A1":{"content":"Materials"},"B1":{"content":"Units"},"C1":{"content":"Cost by unit"},"D1":{"content":"Margin"},"D2":{"content":"=$G$5"},"D3":{"content":"=$G$5"},"D4":{"content":"=$G$5"},"D5":{"content":"=$G$5"},"D6":{"content":"=$G$5"},"D7":{"content":"=$G$5"},"D8":{"content":"=$G$5"},"D9":{"content":"=$G$5"},"D10":{"content":"=$G$5"},"D11":{"content":"=$G$5"},"D12":{"content":"=$G$5"},"D13":{"content":"=$G$5"},"D14":{"content":"=$G$5"},"D15":{"content":"=$G$5"},"D16":{"content":"=$G$5"},"D17":{"content":"=$G$5"},"D18":{"content":"=$G$5"},"D19":{"content":"=$G$5"},"D20":{"content":"=$G$5"},"D21":{"content":"=$G$5"},"D22":{"content":"=$G$5"},"D23":{"content":"=$G$5"},"D24":{"content":"=$G$5"},"D25":{"content":"=$G$5"},"D26":{"content":"=$G$5"},"D27":{"content":"=$G$5"},"D28":{"content":"=$G$5"},"D29":{"content":"=$G$5"},"D30":{"content":"=$G$5"},"E1":{"content":"Final Price"},"E2":{"content":"=B2*C2+(D2*(B2*C2))"},"E3":{"content":"=B3*C3+(D3*(B3*C3))"},"E4":{"content":"=B4*C4+(D4*(B4*C4))"},"E5":{"content":"=B5*C5+(D5*(B5*C5))"},"E6":{"content":"=B6*C6+(D6*(B6*C6))"},"E7":{"content":"=B7*C7+(D7*(B7*C7))"},"E8":{"content":"=B8*C8+(D8*(B8*C8))"},"E9":{"content":"=B9*C9+(D9*(B9*C9))"},"E10":{"content":"=B10*C10+(D10*(B10*C10))"},"E11":{"content":"=B11*C11+(D11*(B11*C11))"},"E12":{"content":"=B12*C12+(D12*(B12*C12))"},"E13":{"content":"=B13*C13+(D13*(B13*C13))"},"E14":{"content":"=B14*C14+(D14*(B14*C14))"},"E15":{"content":"=B15*C15+(D15*(B15*C15))"},"E16":{"content":"=B16*C16+(D16*(B16*C16))"},"E17":{"content":"=B17*C17+(D17*(B17*C17))"},"E18":{"content":"=B18*C18+(D18*(B18*C18))"},"E19":{"content":"=B19*C19+(D19*(B19*C19))"},"E20":{"content":"=B20*C20+(D20*(B20*C20))"},"E21":{"content":"=B21*C21+(D21*(B21*C21))"},"E22":{"content":"=B22*C22+(D22*(B22*C22))"},"E23":{"content":"=B23*C23+(D23*(B23*C23))"},"E24":{"content":"=B24*C24+(D24*(B24*C24))"},"E25":{"content":"=B25*C25+(D25*(B25*C25))"},"E26":{"content":"=B26*C26+(D26*(B26*C26))"},"E27":{"content":"=B27*C27+(D27*(B27*C27))"},"E28":{"content":"=B28*C28+(D28*(B28*C28))"},"E29":{"content":"=B29*C29+(D29*(B29*C29))"},"E30":{"content":"=B30*C30+(D30*(B30*C30))"},"G1":{"content":"Total Cost"},"G2":{"content":"=SUM(E2:E30)"},"G4":{"content":"Margin"},"G5":{"content":"0.3"}},"styles":{"A1:E1":1,"G1":2,"G4":2},"formats":{"D2:D30":1,"G5":1,"E2:E30":2,"G2":2},"borders":{"A1":1,"A2:A29":2,"F3":2,"F6:F30":2,"H1:H2":2,"H4:H5":2,"A30":3,"B1:D1":4,"A31:E31":4,"G6":4,"B30:D30":5,"E1":6,"E2:E29":7,"E30":8,"F1:F2":9,"F4:F5":9,"G1":10,"G4":10,"G2":11,"G5":11,"G3":12},"conditionalFormats":[],"figures":[],"tables":[],"areGridLinesVisible":true,"isVisible":true,"headerGroups":{"ROW":[],"COL":[]},"dataValidationRules":[],"comments":{},"fieldSyncs":{"G2":{"listId":"1","indexInList":0,"fieldName":"price_unit"}}},{"id":"sheet1","name":"Sale Order Lines","colNumber":26,"rowNumber":101,"rows":{},"cols":{"0":{"size":441},"1":{"size":57},"2":{"size":108},"3":{"size":110},"4":{"size":120},"5":{"size":101},"6":{"size":65},"7":{"size":61},"8":{"size":65}},"merges":[],"cells":{"A1":{"content":"=ODOO.LIST.HEADER(1,\"product_id\")"},"A2":{"content":"=ODOO.LIST(1,1,\"product_id\")"},"A3":{"content":"=ODOO.LIST(1,2,\"product_id\")"},"A4":{"content":"=ODOO.LIST(1,3,\"product_id\")"},"A5":{"content":"=ODOO.LIST(1,4,\"product_id\")"},"A6":{"content":"=ODOO.LIST(1,5,\"product_id\")"},"A7":{"content":"=ODOO.LIST(1,6,\"product_id\")"},"A8":{"content":"=ODOO.LIST(1,7,\"product_id\")"},"A9":{"content":"=ODOO.LIST(1,8,\"product_id\")"},"A10":{"content":"=ODOO.LIST(1,9,\"product_id\")"},"A11":{"content":"=ODOO.LIST(1,10,\"product_id\")"},"A12":{"content":"=ODOO.LIST(1,11,\"product_id\")"},"A13":{"content":"=ODOO.LIST(1,12,\"product_id\")"},"A14":{"content":"=ODOO.LIST(1,13,\"product_id\")"},"A15":{"content":"=ODOO.LIST(1,14,\"product_id\")"},"A16":{"content":"=ODOO.LIST(1,15,\"product_id\")"},"A17":{"content":"=ODOO.LIST(1,16,\"product_id\")"},"A18":{"content":"=ODOO.LIST(1,17,\"product_id\")"},"A19":{"content":"=ODOO.LIST(1,18,\"product_id\")"},"A20":{"content":"=ODOO.LIST(1,19,\"product_id\")"},"A21":{"content":"=ODOO.LIST(1,20,\"product_id\")"},"A22":{"content":"=ODOO.LIST(1,21,\"product_id\")"},"A23":{"content":"=ODOO.LIST(1,22,\"product_id\")"},"A24":{"content":"=ODOO.LIST(1,23,\"product_id\")"},"A25":{"content":"=ODOO.LIST(1,24,\"product_id\")"},"A26":{"content":"=ODOO.LIST(1,25,\"product_id\")"},"A27":{"content":"=ODOO.LIST(1,26,\"product_id\")"},"A28":{"content":"=ODOO.LIST(1,27,\"product_id\")"},"A29":{"content":"=ODOO.LIST(1,28,\"product_id\")"},"A30":{"content":"=ODOO.LIST(1,29,\"product_id\")"},"A31":{"content":"=ODOO.LIST(1,30,\"product_id\")"},"A32":{"content":"=ODOO.LIST(1,31,\"product_id\")"},"A33":{"content":"=ODOO.LIST(1,32,\"product_id\")"},"A34":{"content":"=ODOO.LIST(1,33,\"product_id\")"},"A35":{"content":"=ODOO.LIST(1,34,\"product_id\")"},"A36":{"content":"=ODOO.LIST(1,35,\"product_id\")"},"A37":{"content":"=ODOO.LIST(1,36,\"product_id\")"},"A38":{"content":"=ODOO.LIST(1,37,\"product_id\")"},"A39":{"content":"=ODOO.LIST(1,38,\"product_id\")"},"A40":{"content":"=ODOO.LIST(1,39,\"product_id\")"},"A41":{"content":"=ODOO.LIST(1,40,\"product_id\")"},"A42":{"content":"=ODOO.LIST(1,41,\"product_id\")"},"A43":{"content":"=ODOO.LIST(1,42,\"product_id\")"},"A44":{"content":"=ODOO.LIST(1,43,\"product_id\")"},"A45":{"content":"=ODOO.LIST(1,44,\"product_id\")"},"A46":{"content":"=ODOO.LIST(1,45,\"product_id\")"},"A47":{"content":"=ODOO.LIST(1,46,\"product_id\")"},"A48":{"content":"=ODOO.LIST(1,47,\"product_id\")"},"A49":{"content":"=ODOO.LIST(1,48,\"product_id\")"},"A50":{"content":"=ODOO.LIST(1,49,\"product_id\")"},"A51":{"content":"=ODOO.LIST(1,50,\"product_id\")"},"A52":{"content":"=ODOO.LIST(1,51,\"product_id\")"},"A53":{"content":"=ODOO.LIST(1,52,\"product_id\")"},"A54":{"content":"=ODOO.LIST(1,53,\"product_id\")"},"A55":{"content":"=ODOO.LIST(1,54,\"product_id\")"},"A56":{"content":"=ODOO.LIST(1,55,\"product_id\")"},"A57":{"content":"=ODOO.LIST(1,56,\"product_id\")"},"A58":{"content":"=ODOO.LIST(1,57,\"product_id\")"},"A59":{"content":"=ODOO.LIST(1,58,\"product_id\")"},"A60":{"content":"=ODOO.LIST(1,59,\"product_id\")"},"A61":{"content":"=ODOO.LIST(1,60,\"product_id\")"},"A62":{"content":"=ODOO.LIST(1,61,\"product_id\")"},"A63":{"content":"=ODOO.LIST(1,62,\"product_id\")"},"A64":{"content":"=ODOO.LIST(1,63,\"product_id\")"},"A65":{"content":"=ODOO.LIST(1,64,\"product_id\")"},"A66":{"content":"=ODOO.LIST(1,65,\"product_id\")"},"A67":{"content":"=ODOO.LIST(1,66,\"product_id\")"},"A68":{"content":"=ODOO.LIST(1,67,\"product_id\")"},"A69":{"content":"=ODOO.LIST(1,68,\"product_id\")"},"A70":{"content":"=ODOO.LIST(1,69,\"product_id\")"},"A71":{"content":"=ODOO.LIST(1,70,\"product_id\")"},"A72":{"content":"=ODOO.LIST(1,71,\"product_id\")"},"A73":{"content":"=ODOO.LIST(1,72,\"product_id\")"},"A74":{"content":"=ODOO.LIST(1,73,\"product_id\")"},"A75":{"content":"=ODOO.LIST(1,74,\"product_id\")"},"A76":{"content":"=ODOO.LIST(1,75,\"product_id\")"},"A77":{"content":"=ODOO.LIST(1,76,\"product_id\")"},"A78":{"content":"=ODOO.LIST(1,77,\"product_id\")"},"A79":{"content":"=ODOO.LIST(1,78,\"product_id\")"},"A80":{"content":"=ODOO.LIST(1,79,\"product_id\")"},"A81":{"content":"=ODOO.LIST(1,80,\"product_id\")"},"A82":{"content":"=ODOO.LIST(1,81,\"product_id\")"},"A83":{"content":"=ODOO.LIST(1,82,\"product_id\")"},"A84":{"content":"=ODOO.LIST(1,83,\"product_id\")"},"A85":{"content":"=ODOO.LIST(1,84,\"product_id\")"},"A86":{"content":"=ODOO.LIST(1,85,\"product_id\")"},"A87":{"content":"=ODOO.LIST(1,86,\"product_id\")"},"A88":{"content":"=ODOO.LIST(1,87,\"product_id\")"},"A89":{"content":"=ODOO.LIST(1,88,\"product_id\")"},"A90":{"content":"=ODOO.LIST(1,89,\"product_id\")"},"A91":{"content":"=ODOO.LIST(1,90,\"product_id\")"},"A92":{"content":"=ODOO.LIST(1,91,\"product_id\")"},"A93":{"content":"=ODOO.LIST(1,92,\"product_id\")"},"A94":{"content":"=ODOO.LIST(1,93,\"product_id\")"},"A95":{"content":"=ODOO.LIST(1,94,\"product_id\")"},"A96":{"content":"=ODOO.LIST(1,95,\"product_id\")"},"A97":{"content":"=ODOO.LIST(1,96,\"product_id\")"},"A98":{"content":"=ODOO.LIST(1,97,\"product_id\")"},"A99":{"content":"=ODOO.LIST(1,98,\"product_id\")"},"A100":{"content":"=ODOO.LIST(1,99,\"product_id\")"},"A101":{"content":"=ODOO.LIST(1,100,\"product_id\")"},"B1":{"content":"=ODOO.LIST.HEADER(1,\"product_uom_qty\")"},"B2":{"content":"=ODOO.LIST(1,1,\"product_uom_qty\")"},"B3":{"content":"=ODOO.LIST(1,2,\"product_uom_qty\")"},"B4":{"content":"=ODOO.LIST(1,3,\"product_uom_qty\")"},"B5":{"content":"=ODOO.LIST(1,4,\"product_uom_qty\")"},"B6":{"content":"=ODOO.LIST(1,5,\"product_uom_qty\")"},"B7":{"content":"=ODOO.LIST(1,6,\"product_uom_qty\")"},"B8":{"content":"=ODOO.LIST(1,7,\"product_uom_qty\")"},"B9":{"content":"=ODOO.LIST(1,8,\"product_uom_qty\")"},"B10":{"content":"=ODOO.LIST(1,9,\"product_uom_qty\")"},"B11":{"content":"=ODOO.LIST(1,10,\"product_uom_qty\")"},"B12":{"content":"=ODOO.LIST(1,11,\"product_uom_qty\")"},"B13":{"content":"=ODOO.LIST(1,12,\"product_uom_qty\")"},"B14":{"content":"=ODOO.LIST(1,13,\"product_uom_qty\")"},"B15":{"content":"=ODOO.LIST(1,14,\"product_uom_qty\")"},"B16":{"content":"=ODOO.LIST(1,15,\"product_uom_qty\")"},"B17":{"content":"=ODOO.LIST(1,16,\"product_uom_qty\")"},"B18":{"content":"=ODOO.LIST(1,17,\"product_uom_qty\")"},"B19":{"content":"=ODOO.LIST(1,18,\"product_uom_qty\")"},"B20":{"content":"=ODOO.LIST(1,19,\"product_uom_qty\")"},"B21":{"content":"=ODOO.LIST(1,20,\"product_uom_qty\")"},"B22":{"content":"=ODOO.LIST(1,21,\"product_uom_qty\")"},"B23":{"content":"=ODOO.LIST(1,22,\"product_uom_qty\")"},"B24":{"content":"=ODOO.LIST(1,23,\"product_uom_qty\")"},"B25":{"content":"=ODOO.LIST(1,24,\"product_uom_qty\")"},"B26":{"content":"=ODOO.LIST(1,25,\"product_uom_qty\")"},"B27":{"content":"=ODOO.LIST(1,26,\"product_uom_qty\")"},"B28":{"content":"=ODOO.LIST(1,27,\"product_uom_qty\")"},"B29":{"content":"=ODOO.LIST(1,28,\"product_uom_qty\")"},"B30":{"content":"=ODOO.LIST(1,29,\"product_uom_qty\")"},"B31":{"content":"=ODOO.LIST(1,30,\"product_uom_qty\")"},"B32":{"content":"=ODOO.LIST(1,31,\"product_uom_qty\")"},"B33":{"content":"=ODOO.LIST(1,32,\"product_uom_qty\")"},"B34":{"content":"=ODOO.LIST(1,33,\"product_uom_qty\")"},"B35":{"content":"=ODOO.LIST(1,34,\"product_uom_qty\")"},"B36":{"content":"=ODOO.LIST(1,35,\"product_uom_qty\")"},"B37":{"content":"=ODOO.LIST(1,36,\"product_uom_qty\")"},"B38":{"content":"=ODOO.LIST(1,37,\"product_uom_qty\")"},"B39":{"content":"=ODOO.LIST(1,38,\"product_uom_qty\")"},"B40":{"content":"=ODOO.LIST(1,39,\"product_uom_qty\")"},"B41":{"content":"=ODOO.LIST(1,40,\"product_uom_qty\")"},"B42":{"content":"=ODOO.LIST(1,41,\"product_uom_qty\")"},"B43":{"content":"=ODOO.LIST(1,42,\"product_uom_qty\")"},"B44":{"content":"=ODOO.LIST(1,43,\"product_uom_qty\")"},"B45":{"content":"=ODOO.LIST(1,44,\"product_uom_qty\")"},"B46":{"content":"=ODOO.LIST(1,45,\"product_uom_qty\")"},"B47":{"content":"=ODOO.LIST(1,46,\"product_uom_qty\")"},"B48":{"content":"=ODOO.LIST(1,47,\"product_uom_qty\")"},"B49":{"content":"=ODOO.LIST(1,48,\"product_uom_qty\")"},"B50":{"content":"=ODOO.LIST(1,49,\"product_uom_qty\")"},"B51":{"content":"=ODOO.LIST(1,50,\"product_uom_qty\")"},"B52":{"content":"=ODOO.LIST(1,51,\"product_uom_qty\")"},"B53":{"content":"=ODOO.LIST(1,52,\"product_uom_qty\")"},"B54":{"content":"=ODOO.LIST(1,53,\"product_uom_qty\")"},"B55":{"content":"=ODOO.LIST(1,54,\"product_uom_qty\")"},"B56":{"content":"=ODOO.LIST(1,55,\"product_uom_qty\")"},"B57":{"content":"=ODOO.LIST(1,56,\"product_uom_qty\")"},"B58":{"content":"=ODOO.LIST(1,57,\"product_uom_qty\")"},"B59":{"content":"=ODOO.LIST(1,58,\"product_uom_qty\")"},"B60":{"content":"=ODOO.LIST(1,59,\"product_uom_qty\")"},"B61":{"content":"=ODOO.LIST(1,60,\"product_uom_qty\")"},"B62":{"content":"=ODOO.LIST(1,61,\"product_uom_qty\")"},"B63":{"content":"=ODOO.LIST(1,62,\"product_uom_qty\")"},"B64":{"content":"=ODOO.LIST(1,63,\"product_uom_qty\")"},"B65":{"content":"=ODOO.LIST(1,64,\"product_uom_qty\")"},"B66":{"content":"=ODOO.LIST(1,65,\"product_uom_qty\")"},"B67":{"content":"=ODOO.LIST(1,66,\"product_uom_qty\")"},"B68":{"content":"=ODOO.LIST(1,67,\"product_uom_qty\")"},"B69":{"content":"=ODOO.LIST(1,68,\"product_uom_qty\")"},"B70":{"content":"=ODOO.LIST(1,69,\"product_uom_qty\")"},"B71":{"content":"=ODOO.LIST(1,70,\"product_uom_qty\")"},"B72":{"content":"=ODOO.LIST(1,71,\"product_uom_qty\")"},"B73":{"content":"=ODOO.LIST(1,72,\"product_uom_qty\")"},"B74":{"content":"=ODOO.LIST(1,73,\"product_uom_qty\")"},"B75":{"content":"=ODOO.LIST(1,74,\"product_uom_qty\")"},"B76":{"content":"=ODOO.LIST(1,75,\"product_uom_qty\")"},"B77":{"content":"=ODOO.LIST(1,76,\"product_uom_qty\")"},"B78":{"content":"=ODOO.LIST(1,77,\"product_uom_qty\")"},"B79":{"content":"=ODOO.LIST(1,78,\"product_uom_qty\")"},"B80":{"content":"=ODOO.LIST(1,79,\"product_uom_qty\")"},"B81":{"content":"=ODOO.LIST(1,80,\"product_uom_qty\")"},"B82":{"content":"=ODOO.LIST(1,81,\"product_uom_qty\")"},"B83":{"content":"=ODOO.LIST(1,82,\"product_uom_qty\")"},"B84":{"content":"=ODOO.LIST(1,83,\"product_uom_qty\")"},"B85":{"content":"=ODOO.LIST(1,84,\"product_uom_qty\")"},"B86":{"content":"=ODOO.LIST(1,85,\"product_uom_qty\")"},"B87":{"content":"=ODOO.LIST(1,86,\"product_uom_qty\")"},"B88":{"content":"=ODOO.LIST(1,87,\"product_uom_qty\")"},"B89":{"content":"=ODOO.LIST(1,88,\"product_uom_qty\")"},"B90":{"content":"=ODOO.LIST(1,89,\"product_uom_qty\")"},"B91":{"content":"=ODOO.LIST(1,90,\"product_uom_qty\")"},"B92":{"content":"=ODOO.LIST(1,91,\"product_uom_qty\")"},"B93":{"content":"=ODOO.LIST(1,92,\"product_uom_qty\")"},"B94":{"content":"=ODOO.LIST(1,93,\"product_uom_qty\")"},"B95":{"content":"=ODOO.LIST(1,94,\"product_uom_qty\")"},"B96":{"content":"=ODOO.LIST(1,95,\"product_uom_qty\")"},"B97":{"content":"=ODOO.LIST(1,96,\"product_uom_qty\")"},"B98":{"content":"=ODOO.LIST(1,97,\"product_uom_qty\")"},"B99":{"content":"=ODOO.LIST(1,98,\"product_uom_qty\")"},"B100":{"content":"=ODOO.LIST(1,99,\"product_uom_qty\")"},"B101":{"content":"=ODOO.LIST(1,100,\"product_uom_qty\")"},"C1":{"content":"=ODOO.LIST.HEADER(1,\"qty_delivered\")"},"C2":{"content":"=ODOO.LIST(1,1,\"qty_delivered\")"},"C3":{"content":"=ODOO.LIST(1,2,\"qty_delivered\")"},"C4":{"content":"=ODOO.LIST(1,3,\"qty_delivered\")"},"C5":{"content":"=ODOO.LIST(1,4,\"qty_delivered\")"},"C6":{"content":"=ODOO.LIST(1,5,\"qty_delivered\")"},"C7":{"content":"=ODOO.LIST(1,6,\"qty_delivered\")"},"C8":{"content":"=ODOO.LIST(1,7,\"qty_delivered\")"},"C9":{"content":"=ODOO.LIST(1,8,\"qty_delivered\")"},"C10":{"content":"=ODOO.LIST(1,9,\"qty_delivered\")"},"C11":{"content":"=ODOO.LIST(1,10,\"qty_delivered\")"},"C12":{"content":"=ODOO.LIST(1,11,\"qty_delivered\")"},"C13":{"content":"=ODOO.LIST(1,12,\"qty_delivered\")"},"C14":{"content":"=ODOO.LIST(1,13,\"qty_delivered\")"},"C15":{"content":"=ODOO.LIST(1,14,\"qty_delivered\")"},"C16":{"content":"=ODOO.LIST(1,15,\"qty_delivered\")"},"C17":{"content":"=ODOO.LIST(1,16,\"qty_delivered\")"},"C18":{"content":"=ODOO.LIST(1,17,\"qty_delivered\")"},"C19":{"content":"=ODOO.LIST(1,18,\"qty_delivered\")"},"C20":{"content":"=ODOO.LIST(1,19,\"qty_delivered\")"},"C21":{"content":"=ODOO.LIST(1,20,\"qty_delivered\")"},"C22":{"content":"=ODOO.LIST(1,21,\"qty_delivered\")"},"C23":{"content":"=ODOO.LIST(1,22,\"qty_delivered\")"},"C24":{"content":"=ODOO.LIST(1,23,\"qty_delivered\")"},"C25":{"content":"=ODOO.LIST(1,24,\"qty_delivered\")"},"C26":{"content":"=ODOO.LIST(1,25,\"qty_delivered\")"},"C27":{"content":"=ODOO.LIST(1,26,\"qty_delivered\")"},"C28":{"content":"=ODOO.LIST(1,27,\"qty_delivered\")"},"C29":{"content":"=ODOO.LIST(1,28,\"qty_delivered\")"},"C30":{"content":"=ODOO.LIST(1,29,\"qty_delivered\")"},"C31":{"content":"=ODOO.LIST(1,30,\"qty_delivered\")"},"C32":{"content":"=ODOO.LIST(1,31,\"qty_delivered\")"},"C33":{"content":"=ODOO.LIST(1,32,\"qty_delivered\")"},"C34":{"content":"=ODOO.LIST(1,33,\"qty_delivered\")"},"C35":{"content":"=ODOO.LIST(1,34,\"qty_delivered\")"},"C36":{"content":"=ODOO.LIST(1,35,\"qty_delivered\")"},"C37":{"content":"=ODOO.LIST(1,36,\"qty_delivered\")"},"C38":{"content":"=ODOO.LIST(1,37,\"qty_delivered\")"},"C39":{"content":"=ODOO.LIST(1,38,\"qty_delivered\")"},"C40":{"content":"=ODOO.LIST(1,39,\"qty_delivered\")"},"C41":{"content":"=ODOO.LIST(1,40,\"qty_delivered\")"},"C42":{"content":"=ODOO.LIST(1,41,\"qty_delivered\")"},"C43":{"content":"=ODOO.LIST(1,42,\"qty_delivered\")"},"C44":{"content":"=ODOO.LIST(1,43,\"qty_delivered\")"},"C45":{"content":"=ODOO.LIST(1,44,\"qty_delivered\")"},"C46":{"content":"=ODOO.LIST(1,45,\"qty_delivered\")"},"C47":{"content":"=ODOO.LIST(1,46,\"qty_delivered\")"},"C48":{"content":"=ODOO.LIST(1,47,\"qty_delivered\")"},"C49":{"content":"=ODOO.LIST(1,48,\"qty_delivered\")"},"C50":{"content":"=ODOO.LIST(1,49,\"qty_delivered\")"},"C51":{"content":"=ODOO.LIST(1,50,\"qty_delivered\")"},"C52":{"content":"=ODOO.LIST(1,51,\"qty_delivered\")"},"C53":{"content":"=ODOO.LIST(1,52,\"qty_delivered\")"},"C54":{"content":"=ODOO.LIST(1,53,\"qty_delivered\")"},"C55":{"content":"=ODOO.LIST(1,54,\"qty_delivered\")"},"C56":{"content":"=ODOO.LIST(1,55,\"qty_delivered\")"},"C57":{"content":"=ODOO.LIST(1,56,\"qty_delivered\")"},"C58":{"content":"=ODOO.LIST(1,57,\"qty_delivered\")"},"C59":{"content":"=ODOO.LIST(1,58,\"qty_delivered\")"},"C60":{"content":"=ODOO.LIST(1,59,\"qty_delivered\")"},"C61":{"content":"=ODOO.LIST(1,60,\"qty_delivered\")"},"C62":{"content":"=ODOO.LIST(1,61,\"qty_delivered\")"},"C63":{"content":"=ODOO.LIST(1,62,\"qty_delivered\")"},"C64":{"content":"=ODOO.LIST(1,63,\"qty_delivered\")"},"C65":{"content":"=ODOO.LIST(1,64,\"qty_delivered\")"},"C66":{"content":"=ODOO.LIST(1,65,\"qty_delivered\")"},"C67":{"content":"=ODOO.LIST(1,66,\"qty_delivered\")"},"C68":{"content":"=ODOO.LIST(1,67,\"qty_delivered\")"},"C69":{"content":"=ODOO.LIST(1,68,\"qty_delivered\")"},"C70":{"content":"=ODOO.LIST(1,69,\"qty_delivered\")"},"C71":{"content":"=ODOO.LIST(1,70,\"qty_delivered\")"},"C72":{"content":"=ODOO.LIST(1,71,\"qty_delivered\")"},"C73":{"content":"=ODOO.LIST(1,72,\"qty_delivered\")"},"C74":{"content":"=ODOO.LIST(1,73,\"qty_delivered\")"},"C75":{"content":"=ODOO.LIST(1,74,\"qty_delivered\")"},"C76":{"content":"=ODOO.LIST(1,75,\"qty_delivered\")"},"C77":{"content":"=ODOO.LIST(1,76,\"qty_delivered\")"},"C78":{"content":"=ODOO.LIST(1,77,\"qty_delivered\")"},"C79":{"content":"=ODOO.LIST(1,78,\"qty_delivered\")"},"C80":{"content":"=ODOO.LIST(1,79,\"qty_delivered\")"},"C81":{"content":"=ODOO.LIST(1,80,\"qty_delivered\")"},"C82":{"content":"=ODOO.LIST(1,81,\"qty_delivered\")"},"C83":{"content":"=ODOO.LIST(1,82,\"qty_delivered\")"},"C84":{"content":"=ODOO.LIST(1,83,\"qty_delivered\")"},"C85":{"content":"=ODOO.LIST(1,84,\"qty_delivered\")"},"C86":{"content":"=ODOO.LIST(1,85,\"qty_delivered\")"},"C87":{"content":"=ODOO.LIST(1,86,\"qty_delivered\")"},"C88":{"content":"=ODOO.LIST(1,87,\"qty_delivered\")"},"C89":{"content":"=ODOO.LIST(1,88,\"qty_delivered\")"},"C90":{"content":"=ODOO.LIST(1,89,\"qty_delivered\")"},"C91":{"content":"=ODOO.LIST(1,90,\"qty_delivered\")"},"C92":{"content":"=ODOO.LIST(1,91,\"qty_delivered\")"},"C93":{"content":"=ODOO.LIST(1,92,\"qty_delivered\")"},"C94":{"content":"=ODOO.LIST(1,93,\"qty_delivered\")"},"C95":{"content":"=ODOO.LIST(1,94,\"qty_delivered\")"},"C96":{"content":"=ODOO.LIST(1,95,\"qty_delivered\")"},"C97":{"content":"=ODOO.LIST(1,96,\"qty_delivered\")"},"C98":{"content":"=ODOO.LIST(1,97,\"qty_delivered\")"},"C99":{"content":"=ODOO.LIST(1,98,\"qty_delivered\")"},"C100":{"content":"=ODOO.LIST(1,99,\"qty_delivered\")"},"C101":{"content":"=ODOO.LIST(1,100,\"qty_delivered\")"},"D1":{"content":"=ODOO.LIST.HEADER(1,\"qty_invoiced\")"},"D2":{"content":"=ODOO.LIST(1,1,\"qty_invoiced\")"},"D3":{"content":"=ODOO.LIST(1,2,\"qty_invoiced\")"},"D4":{"content":"=ODOO.LIST(1,3,\"qty_invoiced\")"},"D5":{"content":"=ODOO.LIST(1,4,\"qty_invoiced\")"},"D6":{"content":"=ODOO.LIST(1,5,\"qty_invoiced\")"},"D7":{"content":"=ODOO.LIST(1,6,\"qty_invoiced\")"},"D8":{"content":"=ODOO.LIST(1,7,\"qty_invoiced\")"},"D9":{"content":"=ODOO.LIST(1,8,\"qty_invoiced\")"},"D10":{"content":"=ODOO.LIST(1,9,\"qty_invoiced\")"},"D11":{"content":"=ODOO.LIST(1,10,\"qty_invoiced\")"},"D12":{"content":"=ODOO.LIST(1,11,\"qty_invoiced\")"},"D13":{"content":"=ODOO.LIST(1,12,\"qty_invoiced\")"},"D14":{"content":"=ODOO.LIST(1,13,\"qty_invoiced\")"},"D15":{"content":"=ODOO.LIST(1,14,\"qty_invoiced\")"},"D16":{"content":"=ODOO.LIST(1,15,\"qty_invoiced\")"},"D17":{"content":"=ODOO.LIST(1,16,\"qty_invoiced\")"},"D18":{"content":"=ODOO.LIST(1,17,\"qty_invoiced\")"},"D19":{"content":"=ODOO.LIST(1,18,\"qty_invoiced\")"},"D20":{"content":"=ODOO.LIST(1,19,\"qty_invoiced\")"},"D21":{"content":"=ODOO.LIST(1,20,\"qty_invoiced\")"},"D22":{"content":"=ODOO.LIST(1,21,\"qty_invoiced\")"},"D23":{"content":"=ODOO.LIST(1,22,\"qty_invoiced\")"},"D24":{"content":"=ODOO.LIST(1,23,\"qty_invoiced\")"},"D25":{"content":"=ODOO.LIST(1,24,\"qty_invoiced\")"},"D26":{"content":"=ODOO.LIST(1,25,\"qty_invoiced\")"},"D27":{"content":"=ODOO.LIST(1,26,\"qty_invoiced\")"},"D28":{"content":"=ODOO.LIST(1,27,\"qty_invoiced\")"},"D29":{"content":"=ODOO.LIST(1,28,\"qty_invoiced\")"},"D30":{"content":"=ODOO.LIST(1,29,\"qty_invoiced\")"},"D31":{"content":"=ODOO.LIST(1,30,\"qty_invoiced\")"},"D32":{"content":"=ODOO.LIST(1,31,\"qty_invoiced\")"},"D33":{"content":"=ODOO.LIST(1,32,\"qty_invoiced\")"},"D34":{"content":"=ODOO.LIST(1,33,\"qty_invoiced\")"},"D35":{"content":"=ODOO.LIST(1,34,\"qty_invoiced\")"},"D36":{"content":"=ODOO.LIST(1,35,\"qty_invoiced\")"},"D37":{"content":"=ODOO.LIST(1,36,\"qty_invoiced\")"},"D38":{"content":"=ODOO.LIST(1,37,\"qty_invoiced\")"},"D39":{"content":"=ODOO.LIST(1,38,\"qty_invoiced\")"},"D40":{"content":"=ODOO.LIST(1,39,\"qty_invoiced\")"},"D41":{"content":"=ODOO.LIST(1,40,\"qty_invoiced\")"},"D42":{"content":"=ODOO.LIST(1,41,\"qty_invoiced\")"},"D43":{"content":"=ODOO.LIST(1,42,\"qty_invoiced\")"},"D44":{"content":"=ODOO.LIST(1,43,\"qty_invoiced\")"},"D45":{"content":"=ODOO.LIST(1,44,\"qty_invoiced\")"},"D46":{"content":"=ODOO.LIST(1,45,\"qty_invoiced\")"},"D47":{"content":"=ODOO.LIST(1,46,\"qty_invoiced\")"},"D48":{"content":"=ODOO.LIST(1,47,\"qty_invoiced\")"},"D49":{"content":"=ODOO.LIST(1,48,\"qty_invoiced\")"},"D50":{"content":"=ODOO.LIST(1,49,\"qty_invoiced\")"},"D51":{"content":"=ODOO.LIST(1,50,\"qty_invoiced\")"},"D52":{"content":"=ODOO.LIST(1,51,\"qty_invoiced\")"},"D53":{"content":"=ODOO.LIST(1,52,\"qty_invoiced\")"},"D54":{"content":"=ODOO.LIST(1,53,\"qty_invoiced\")"},"D55":{"content":"=ODOO.LIST(1,54,\"qty_invoiced\")"},"D56":{"content":"=ODOO.LIST(1,55,\"qty_invoiced\")"},"D57":{"content":"=ODOO.LIST(1,56,\"qty_invoiced\")"},"D58":{"content":"=ODOO.LIST(1,57,\"qty_invoiced\")"},"D59":{"content":"=ODOO.LIST(1,58,\"qty_invoiced\")"},"D60":{"content":"=ODOO.LIST(1,59,\"qty_invoiced\")"},"D61":{"content":"=ODOO.LIST(1,60,\"qty_invoiced\")"},"D62":{"content":"=ODOO.LIST(1,61,\"qty_invoiced\")"},"D63":{"content":"=ODOO.LIST(1,62,\"qty_invoiced\")"},"D64":{"content":"=ODOO.LIST(1,63,\"qty_invoiced\")"},"D65":{"content":"=ODOO.LIST(1,64,\"qty_invoiced\")"},"D66":{"content":"=ODOO.LIST(1,65,\"qty_invoiced\")"},"D67":{"content":"=ODOO.LIST(1,66,\"qty_invoiced\")"},"D68":{"content":"=ODOO.LIST(1,67,\"qty_invoiced\")"},"D69":{"content":"=ODOO.LIST(1,68,\"qty_invoiced\")"},"D70":{"content":"=ODOO.LIST(1,69,\"qty_invoiced\")"},"D71":{"content":"=ODOO.LIST(1,70,\"qty_invoiced\")"},"D72":{"content":"=ODOO.LIST(1,71,\"qty_invoiced\")"},"D73":{"content":"=ODOO.LIST(1,72,\"qty_invoiced\")"},"D74":{"content":"=ODOO.LIST(1,73,\"qty_invoiced\")"},"D75":{"content":"=ODOO.LIST(1,74,\"qty_invoiced\")"},"D76":{"content":"=ODOO.LIST(1,75,\"qty_invoiced\")"},"D77":{"content":"=ODOO.LIST(1,76,\"qty_invoiced\")"},"D78":{"content":"=ODOO.LIST(1,77,\"qty_invoiced\")"},"D79":{"content":"=ODOO.LIST(1,78,\"qty_invoiced\")"},"D80":{"content":"=ODOO.LIST(1,79,\"qty_invoiced\")"},"D81":{"content":"=ODOO.LIST(1,80,\"qty_invoiced\")"},"D82":{"content":"=ODOO.LIST(1,81,\"qty_invoiced\")"},"D83":{"content":"=ODOO.LIST(1,82,\"qty_invoiced\")"},"D84":{"content":"=ODOO.LIST(1,83,\"qty_invoiced\")"},"D85":{"content":"=ODOO.LIST(1,84,\"qty_invoiced\")"},"D86":{"content":"=ODOO.LIST(1,85,\"qty_invoiced\")"},"D87":{"content":"=ODOO.LIST(1,86,\"qty_invoiced\")"},"D88":{"content":"=ODOO.LIST(1,87,\"qty_invoiced\")"},"D89":{"content":"=ODOO.LIST(1,88,\"qty_invoiced\")"},"D90":{"content":"=ODOO.LIST(1,89,\"qty_invoiced\")"},"D91":{"content":"=ODOO.LIST(1,90,\"qty_invoiced\")"},"D92":{"content":"=ODOO.LIST(1,91,\"qty_invoiced\")"},"D93":{"content":"=ODOO.LIST(1,92,\"qty_invoiced\")"},"D94":{"content":"=ODOO.LIST(1,93,\"qty_invoiced\")"},"D95":{"content":"=ODOO.LIST(1,94,\"qty_invoiced\")"},"D96":{"content":"=ODOO.LIST(1,95,\"qty_invoiced\")"},"D97":{"content":"=ODOO.LIST(1,96,\"qty_invoiced\")"},"D98":{"content":"=ODOO.LIST(1,97,\"qty_invoiced\")"},"D99":{"content":"=ODOO.LIST(1,98,\"qty_invoiced\")"},"D100":{"content":"=ODOO.LIST(1,99,\"qty_invoiced\")"},"D101":{"content":"=ODOO.LIST(1,100,\"qty_invoiced\")"},"E1":{"content":"=ODOO.LIST.HEADER(1,\"qty_to_invoice\")"},"E2":{"content":"=ODOO.LIST(1,1,\"qty_to_invoice\")"},"E3":{"content":"=ODOO.LIST(1,2,\"qty_to_invoice\")"},"E4":{"content":"=ODOO.LIST(1,3,\"qty_to_invoice\")"},"E5":{"content":"=ODOO.LIST(1,4,\"qty_to_invoice\")"},"E6":{"content":"=ODOO.LIST(1,5,\"qty_to_invoice\")"},"E7":{"content":"=ODOO.LIST(1,6,\"qty_to_invoice\")"},"E8":{"content":"=ODOO.LIST(1,7,\"qty_to_invoice\")"},"E9":{"content":"=ODOO.LIST(1,8,\"qty_to_invoice\")"},"E10":{"content":"=ODOO.LIST(1,9,\"qty_to_invoice\")"},"E11":{"content":"=ODOO.LIST(1,10,\"qty_to_invoice\")"},"E12":{"content":"=ODOO.LIST(1,11,\"qty_to_invoice\")"},"E13":{"content":"=ODOO.LIST(1,12,\"qty_to_invoice\")"},"E14":{"content":"=ODOO.LIST(1,13,\"qty_to_invoice\")"},"E15":{"content":"=ODOO.LIST(1,14,\"qty_to_invoice\")"},"E16":{"content":"=ODOO.LIST(1,15,\"qty_to_invoice\")"},"E17":{"content":"=ODOO.LIST(1,16,\"qty_to_invoice\")"},"E18":{"content":"=ODOO.LIST(1,17,\"qty_to_invoice\")"},"E19":{"content":"=ODOO.LIST(1,18,\"qty_to_invoice\")"},"E20":{"content":"=ODOO.LIST(1,19,\"qty_to_invoice\")"},"E21":{"content":"=ODOO.LIST(1,20,\"qty_to_invoice\")"},"E22":{"content":"=ODOO.LIST(1,21,\"qty_to_invoice\")"},"E23":{"content":"=ODOO.LIST(1,22,\"qty_to_invoice\")"},"E24":{"content":"=ODOO.LIST(1,23,\"qty_to_invoice\")"},"E25":{"content":"=ODOO.LIST(1,24,\"qty_to_invoice\")"},"E26":{"content":"=ODOO.LIST(1,25,\"qty_to_invoice\")"},"E27":{"content":"=ODOO.LIST(1,26,\"qty_to_invoice\")"},"E28":{"content":"=ODOO.LIST(1,27,\"qty_to_invoice\")"},"E29":{"content":"=ODOO.LIST(1,28,\"qty_to_invoice\")"},"E30":{"content":"=ODOO.LIST(1,29,\"qty_to_invoice\")"},"E31":{"content":"=ODOO.LIST(1,30,\"qty_to_invoice\")"},"E32":{"content":"=ODOO.LIST(1,31,\"qty_to_invoice\")"},"E33":{"content":"=ODOO.LIST(1,32,\"qty_to_invoice\")"},"E34":{"content":"=ODOO.LIST(1,33,\"qty_to_invoice\")"},"E35":{"content":"=ODOO.LIST(1,34,\"qty_to_invoice\")"},"E36":{"content":"=ODOO.LIST(1,35,\"qty_to_invoice\")"},"E37":{"content":"=ODOO.LIST(1,36,\"qty_to_invoice\")"},"E38":{"content":"=ODOO.LIST(1,37,\"qty_to_invoice\")"},"E39":{"content":"=ODOO.LIST(1,38,\"qty_to_invoice\")"},"E40":{"content":"=ODOO.LIST(1,39,\"qty_to_invoice\")"},"E41":{"content":"=ODOO.LIST(1,40,\"qty_to_invoice\")"},"E42":{"content":"=ODOO.LIST(1,41,\"qty_to_invoice\")"},"E43":{"content":"=ODOO.LIST(1,42,\"qty_to_invoice\")"},"E44":{"content":"=ODOO.LIST(1,43,\"qty_to_invoice\")"},"E45":{"content":"=ODOO.LIST(1,44,\"qty_to_invoice\")"},"E46":{"content":"=ODOO.LIST(1,45,\"qty_to_invoice\")"},"E47":{"content":"=ODOO.LIST(1,46,\"qty_to_invoice\")"},"E48":{"content":"=ODOO.LIST(1,47,\"qty_to_invoice\")"},"E49":{"content":"=ODOO.LIST(1,48,\"qty_to_invoice\")"},"E50":{"content":"=ODOO.LIST(1,49,\"qty_to_invoice\")"},"E51":{"content":"=ODOO.LIST(1,50,\"qty_to_invoice\")"},"E52":{"content":"=ODOO.LIST(1,51,\"qty_to_invoice\")"},"E53":{"content":"=ODOO.LIST(1,52,\"qty_to_invoice\")"},"E54":{"content":"=ODOO.LIST(1,53,\"qty_to_invoice\")"},"E55":{"content":"=ODOO.LIST(1,54,\"qty_to_invoice\")"},"E56":{"content":"=ODOO.LIST(1,55,\"qty_to_invoice\")"},"E57":{"content":"=ODOO.LIST(1,56,\"qty_to_invoice\")"},"E58":{"content":"=ODOO.LIST(1,57,\"qty_to_invoice\")"},"E59":{"content":"=ODOO.LIST(1,58,\"qty_to_invoice\")"},"E60":{"content":"=ODOO.LIST(1,59,\"qty_to_invoice\")"},"E61":{"content":"=ODOO.LIST(1,60,\"qty_to_invoice\")"},"E62":{"content":"=ODOO.LIST(1,61,\"qty_to_invoice\")"},"E63":{"content":"=ODOO.LIST(1,62,\"qty_to_invoice\")"},"E64":{"content":"=ODOO.LIST(1,63,\"qty_to_invoice\")"},"E65":{"content":"=ODOO.LIST(1,64,\"qty_to_invoice\")"},"E66":{"content":"=ODOO.LIST(1,65,\"qty_to_invoice\")"},"E67":{"content":"=ODOO.LIST(1,66,\"qty_to_invoice\")"},"E68":{"content":"=ODOO.LIST(1,67,\"qty_to_invoice\")"},"E69":{"content":"=ODOO.LIST(1,68,\"qty_to_invoice\")"},"E70":{"content":"=ODOO.LIST(1,69,\"qty_to_invoice\")"},"E71":{"content":"=ODOO.LIST(1,70,\"qty_to_invoice\")"},"E72":{"content":"=ODOO.LIST(1,71,\"qty_to_invoice\")"},"E73":{"content":"=ODOO.LIST(1,72,\"qty_to_invoice\")"},"E74":{"content":"=ODOO.LIST(1,73,\"qty_to_invoice\")"},"E75":{"content":"=ODOO.LIST(1,74,\"qty_to_invoice\")"},"E76":{"content":"=ODOO.LIST(1,75,\"qty_to_invoice\")"},"E77":{"content":"=ODOO.LIST(1,76,\"qty_to_invoice\")"},"E78":{"content":"=ODOO.LIST(1,77,\"qty_to_invoice\")"},"E79":{"content":"=ODOO.LIST(1,78,\"qty_to_invoice\")"},"E80":{"content":"=ODOO.LIST(1,79,\"qty_to_invoice\")"},"E81":{"content":"=ODOO.LIST(1,80,\"qty_to_invoice\")"},"E82":{"content":"=ODOO.LIST(1,81,\"qty_to_invoice\")"},"E83":{"content":"=ODOO.LIST(1,82,\"qty_to_invoice\")"},"E84":{"content":"=ODOO.LIST(1,83,\"qty_to_invoice\")"},"E85":{"content":"=ODOO.LIST(1,84,\"qty_to_invoice\")"},"E86":{"content":"=ODOO.LIST(1,85,\"qty_to_invoice\")"},"E87":{"content":"=ODOO.LIST(1,86,\"qty_to_invoice\")"},"E88":{"content":"=ODOO.LIST(1,87,\"qty_to_invoice\")"},"E89":{"content":"=ODOO.LIST(1,88,\"qty_to_invoice\")"},"E90":{"content":"=ODOO.LIST(1,89,\"qty_to_invoice\")"},"E91":{"content":"=ODOO.LIST(1,90,\"qty_to_invoice\")"},"E92":{"content":"=ODOO.LIST(1,91,\"qty_to_invoice\")"},"E93":{"content":"=ODOO.LIST(1,92,\"qty_to_invoice\")"},"E94":{"content":"=ODOO.LIST(1,93,\"qty_to_invoice\")"},"E95":{"content":"=ODOO.LIST(1,94,\"qty_to_invoice\")"},"E96":{"content":"=ODOO.LIST(1,95,\"qty_to_invoice\")"},"E97":{"content":"=ODOO.LIST(1,96,\"qty_to_invoice\")"},"E98":{"content":"=ODOO.LIST(1,97,\"qty_to_invoice\")"},"E99":{"content":"=ODOO.LIST(1,98,\"qty_to_invoice\")"},"E100":{"content":"=ODOO.LIST(1,99,\"qty_to_invoice\")"},"E101":{"content":"=ODOO.LIST(1,100,\"qty_to_invoice\")"},"F1":{"content":"=ODOO.LIST.HEADER(1,\"product_uom_id\")"},"F2":{"content":"=ODOO.LIST(1,1,\"product_uom_id\")"},"F3":{"content":"=ODOO.LIST(1,2,\"product_uom_id\")"},"F4":{"content":"=ODOO.LIST(1,3,\"product_uom_id\")"},"F5":{"content":"=ODOO.LIST(1,4,\"product_uom_id\")"},"F6":{"content":"=ODOO.LIST(1,5,\"product_uom_id\")"},"F7":{"content":"=ODOO.LIST(1,6,\"product_uom_id\")"},"F8":{"content":"=ODOO.LIST(1,7,\"product_uom_id\")"},"F9":{"content":"=ODOO.LIST(1,8,\"product_uom_id\")"},"F10":{"content":"=ODOO.LIST(1,9,\"product_uom_id\")"},"F11":{"content":"=ODOO.LIST(1,10,\"product_uom_id\")"},"F12":{"content":"=ODOO.LIST(1,11,\"product_uom_id\")"},"F13":{"content":"=ODOO.LIST(1,12,\"product_uom_id\")"},"F14":{"content":"=ODOO.LIST(1,13,\"product_uom_id\")"},"F15":{"content":"=ODOO.LIST(1,14,\"product_uom_id\")"},"F16":{"content":"=ODOO.LIST(1,15,\"product_uom_id\")"},"F17":{"content":"=ODOO.LIST(1,16,\"product_uom_id\")"},"F18":{"content":"=ODOO.LIST(1,17,\"product_uom_id\")"},"F19":{"content":"=ODOO.LIST(1,18,\"product_uom_id\")"},"F20":{"content":"=ODOO.LIST(1,19,\"product_uom_id\")"},"F21":{"content":"=ODOO.LIST(1,20,\"product_uom_id\")"},"F22":{"content":"=ODOO.LIST(1,21,\"product_uom_id\")"},"F23":{"content":"=ODOO.LIST(1,22,\"product_uom_id\")"},"F24":{"content":"=ODOO.LIST(1,23,\"product_uom_id\")"},"F25":{"content":"=ODOO.LIST(1,24,\"product_uom_id\")"},"F26":{"content":"=ODOO.LIST(1,25,\"product_uom_id\")"},"F27":{"content":"=ODOO.LIST(1,26,\"product_uom_id\")"},"F28":{"content":"=ODOO.LIST(1,27,\"product_uom_id\")"},"F29":{"content":"=ODOO.LIST(1,28,\"product_uom_id\")"},"F30":{"content":"=ODOO.LIST(1,29,\"product_uom_id\")"},"F31":{"content":"=ODOO.LIST(1,30,\"product_uom_id\")"},"F32":{"content":"=ODOO.LIST(1,31,\"product_uom_id\")"},"F33":{"content":"=ODOO.LIST(1,32,\"product_uom_id\")"},"F34":{"content":"=ODOO.LIST(1,33,\"product_uom_id\")"},"F35":{"content":"=ODOO.LIST(1,34,\"product_uom_id\")"},"F36":{"content":"=ODOO.LIST(1,35,\"product_uom_id\")"},"F37":{"content":"=ODOO.LIST(1,36,\"product_uom_id\")"},"F38":{"content":"=ODOO.LIST(1,37,\"product_uom_id\")"},"F39":{"content":"=ODOO.LIST(1,38,\"product_uom_id\")"},"F40":{"content":"=ODOO.LIST(1,39,\"product_uom_id\")"},"F41":{"content":"=ODOO.LIST(1,40,\"product_uom_id\")"},"F42":{"content":"=ODOO.LIST(1,41,\"product_uom_id\")"},"F43":{"content":"=ODOO.LIST(1,42,\"product_uom_id\")"},"F44":{"content":"=ODOO.LIST(1,43,\"product_uom_id\")"},"F45":{"content":"=ODOO.LIST(1,44,\"product_uom_id\")"},"F46":{"content":"=ODOO.LIST(1,45,\"product_uom_id\")"},"F47":{"content":"=ODOO.LIST(1,46,\"product_uom_id\")"},"F48":{"content":"=ODOO.LIST(1,47,\"product_uom_id\")"},"F49":{"content":"=ODOO.LIST(1,48,\"product_uom_id\")"},"F50":{"content":"=ODOO.LIST(1,49,\"product_uom_id\")"},"F51":{"content":"=ODOO.LIST(1,50,\"product_uom_id\")"},"F52":{"content":"=ODOO.LIST(1,51,\"product_uom_id\")"},"F53":{"content":"=ODOO.LIST(1,52,\"product_uom_id\")"},"F54":{"content":"=ODOO.LIST(1,53,\"product_uom_id\")"},"F55":{"content":"=ODOO.LIST(1,54,\"product_uom_id\")"},"F56":{"content":"=ODOO.LIST(1,55,\"product_uom_id\")"},"F57":{"content":"=ODOO.LIST(1,56,\"product_uom_id\")"},"F58":{"content":"=ODOO.LIST(1,57,\"product_uom_id\")"},"F59":{"content":"=ODOO.LIST(1,58,\"product_uom_id\")"},"F60":{"content":"=ODOO.LIST(1,59,\"product_uom_id\")"},"F61":{"content":"=ODOO.LIST(1,60,\"product_uom_id\")"},"F62":{"content":"=ODOO.LIST(1,61,\"product_uom_id\")"},"F63":{"content":"=ODOO.LIST(1,62,\"product_uom_id\")"},"F64":{"content":"=ODOO.LIST(1,63,\"product_uom_id\")"},"F65":{"content":"=ODOO.LIST(1,64,\"product_uom_id\")"},"F66":{"content":"=ODOO.LIST(1,65,\"product_uom_id\")"},"F67":{"content":"=ODOO.LIST(1,66,\"product_uom_id\")"},"F68":{"content":"=ODOO.LIST(1,67,\"product_uom_id\")"},"F69":{"content":"=ODOO.LIST(1,68,\"product_uom_id\")"},"F70":{"content":"=ODOO.LIST(1,69,\"product_uom_id\")"},"F71":{"content":"=ODOO.LIST(1,70,\"product_uom_id\")"},"F72":{"content":"=ODOO.LIST(1,71,\"product_uom_id\")"},"F73":{"content":"=ODOO.LIST(1,72,\"product_uom_id\")"},"F74":{"content":"=ODOO.LIST(1,73,\"product_uom_id\")"},"F75":{"content":"=ODOO.LIST(1,74,\"product_uom_id\")"},"F76":{"content":"=ODOO.LIST(1,75,\"product_uom_id\")"},"F77":{"content":"=ODOO.LIST(1,76,\"product_uom_id\")"},"F78":{"content":"=ODOO.LIST(1,77,\"product_uom_id\")"},"F79":{"content":"=ODOO.LIST(1,78,\"product_uom_id\")"},"F80":{"content":"=ODOO.LIST(1,79,\"product_uom_id\")"},"F81":{"content":"=ODOO.LIST(1,80,\"product_uom_id\")"},"F82":{"content":"=ODOO.LIST(1,81,\"product_uom_id\")"},"F83":{"content":"=ODOO.LIST(1,82,\"product_uom_id\")"},"F84":{"content":"=ODOO.LIST(1,83,\"product_uom_id\")"},"F85":{"content":"=ODOO.LIST(1,84,\"product_uom_id\")"},"F86":{"content":"=ODOO.LIST(1,85,\"product_uom_id\")"},"F87":{"content":"=ODOO.LIST(1,86,\"product_uom_id\")"},"F88":{"content":"=ODOO.LIST(1,87,\"product_uom_id\")"},"F89":{"content":"=ODOO.LIST(1,88,\"product_uom_id\")"},"F90":{"content":"=ODOO.LIST(1,89,\"product_uom_id\")"},"F91":{"content":"=ODOO.LIST(1,90,\"product_uom_id\")"},"F92":{"content":"=ODOO.LIST(1,91,\"product_uom_id\")"},"F93":{"content":"=ODOO.LIST(1,92,\"product_uom_id\")"},"F94":{"content":"=ODOO.LIST(1,93,\"product_uom_id\")"},"F95":{"content":"=ODOO.LIST(1,94,\"product_uom_id\")"},"F96":{"content":"=ODOO.LIST(1,95,\"product_uom_id\")"},"F97":{"content":"=ODOO.LIST(1,96,\"product_uom_id\")"},"F98":{"content":"=ODOO.LIST(1,97,\"product_uom_id\")"},"F99":{"content":"=ODOO.LIST(1,98,\"product_uom_id\")"},"F100":{"content":"=ODOO.LIST(1,99,\"product_uom_id\")"},"F101":{"content":"=ODOO.LIST(1,100,\"product_uom_id\")"},"G1":{"content":"=ODOO.LIST.HEADER(1,\"price_unit\")"},"G2":{"content":"=ODOO.LIST(1,1,\"price_unit\")"},"G3":{"content":"=ODOO.LIST(1,2,\"price_unit\")"},"G4":{"content":"=ODOO.LIST(1,3,\"price_unit\")"},"G5":{"content":"=ODOO.LIST(1,4,\"price_unit\")"},"G6":{"content":"=ODOO.LIST(1,5,\"price_unit\")"},"G7":{"content":"=ODOO.LIST(1,6,\"price_unit\")"},"G8":{"content":"=ODOO.LIST(1,7,\"price_unit\")"},"G9":{"content":"=ODOO.LIST(1,8,\"price_unit\")"},"G10":{"content":"=ODOO.LIST(1,9,\"price_unit\")"},"G11":{"content":"=ODOO.LIST(1,10,\"price_unit\")"},"G12":{"content":"=ODOO.LIST(1,11,\"price_unit\")"},"G13":{"content":"=ODOO.LIST(1,12,\"price_unit\")"},"G14":{"content":"=ODOO.LIST(1,13,\"price_unit\")"},"G15":{"content":"=ODOO.LIST(1,14,\"price_unit\")"},"G16":{"content":"=ODOO.LIST(1,15,\"price_unit\")"},"G17":{"content":"=ODOO.LIST(1,16,\"price_unit\")"},"G18":{"content":"=ODOO.LIST(1,17,\"price_unit\")"},"G19":{"content":"=ODOO.LIST(1,18,\"price_unit\")"},"G20":{"content":"=ODOO.LIST(1,19,\"price_unit\")"},"G21":{"content":"=ODOO.LIST(1,20,\"price_unit\")"},"G22":{"content":"=ODOO.LIST(1,21,\"price_unit\")"},"G23":{"content":"=ODOO.LIST(1,22,\"price_unit\")"},"G24":{"content":"=ODOO.LIST(1,23,\"price_unit\")"},"G25":{"content":"=ODOO.LIST(1,24,\"price_unit\")"},"G26":{"content":"=ODOO.LIST(1,25,\"price_unit\")"},"G27":{"content":"=ODOO.LIST(1,26,\"price_unit\")"},"G28":{"content":"=ODOO.LIST(1,27,\"price_unit\")"},"G29":{"content":"=ODOO.LIST(1,28,\"price_unit\")"},"G30":{"content":"=ODOO.LIST(1,29,\"price_unit\")"},"G31":{"content":"=ODOO.LIST(1,30,\"price_unit\")"},"G32":{"content":"=ODOO.LIST(1,31,\"price_unit\")"},"G33":{"content":"=ODOO.LIST(1,32,\"price_unit\")"},"G34":{"content":"=ODOO.LIST(1,33,\"price_unit\")"},"G35":{"content":"=ODOO.LIST(1,34,\"price_unit\")"},"G36":{"content":"=ODOO.LIST(1,35,\"price_unit\")"},"G37":{"content":"=ODOO.LIST(1,36,\"price_unit\")"},"G38":{"content":"=ODOO.LIST(1,37,\"price_unit\")"},"G39":{"content":"=ODOO.LIST(1,38,\"price_unit\")"},"G40":{"content":"=ODOO.LIST(1,39,\"price_unit\")"},"G41":{"content":"=ODOO.LIST(1,40,\"price_unit\")"},"G42":{"content":"=ODOO.LIST(1,41,\"price_unit\")"},"G43":{"content":"=ODOO.LIST(1,42,\"price_unit\")"},"G44":{"content":"=ODOO.LIST(1,43,\"price_unit\")"},"G45":{"content":"=ODOO.LIST(1,44,\"price_unit\")"},"G46":{"content":"=ODOO.LIST(1,45,\"price_unit\")"},"G47":{"content":"=ODOO.LIST(1,46,\"price_unit\")"},"G48":{"content":"=ODOO.LIST(1,47,\"price_unit\")"},"G49":{"content":"=ODOO.LIST(1,48,\"price_unit\")"},"G50":{"content":"=ODOO.LIST(1,49,\"price_unit\")"},"G51":{"content":"=ODOO.LIST(1,50,\"price_unit\")"},"G52":{"content":"=ODOO.LIST(1,51,\"price_unit\")"},"G53":{"content":"=ODOO.LIST(1,52,\"price_unit\")"},"G54":{"content":"=ODOO.LIST(1,53,\"price_unit\")"},"G55":{"content":"=ODOO.LIST(1,54,\"price_unit\")"},"G56":{"content":"=ODOO.LIST(1,55,\"price_unit\")"},"G57":{"content":"=ODOO.LIST(1,56,\"price_unit\")"},"G58":{"content":"=ODOO.LIST(1,57,\"price_unit\")"},"G59":{"content":"=ODOO.LIST(1,58,\"price_unit\")"},"G60":{"content":"=ODOO.LIST(1,59,\"price_unit\")"},"G61":{"content":"=ODOO.LIST(1,60,\"price_unit\")"},"G62":{"content":"=ODOO.LIST(1,61,\"price_unit\")"},"G63":{"content":"=ODOO.LIST(1,62,\"price_unit\")"},"G64":{"content":"=ODOO.LIST(1,63,\"price_unit\")"},"G65":{"content":"=ODOO.LIST(1,64,\"price_unit\")"},"G66":{"content":"=ODOO.LIST(1,65,\"price_unit\")"},"G67":{"content":"=ODOO.LIST(1,66,\"price_unit\")"},"G68":{"content":"=ODOO.LIST(1,67,\"price_unit\")"},"G69":{"content":"=ODOO.LIST(1,68,\"price_unit\")"},"G70":{"content":"=ODOO.LIST(1,69,\"price_unit\")"},"G71":{"content":"=ODOO.LIST(1,70,\"price_unit\")"},"G72":{"content":"=ODOO.LIST(1,71,\"price_unit\")"},"G73":{"content":"=ODOO.LIST(1,72,\"price_unit\")"},"G74":{"content":"=ODOO.LIST(1,73,\"price_unit\")"},"G75":{"content":"=ODOO.LIST(1,74,\"price_unit\")"},"G76":{"content":"=ODOO.LIST(1,75,\"price_unit\")"},"G77":{"content":"=ODOO.LIST(1,76,\"price_unit\")"},"G78":{"content":"=ODOO.LIST(1,77,\"price_unit\")"},"G79":{"content":"=ODOO.LIST(1,78,\"price_unit\")"},"G80":{"content":"=ODOO.LIST(1,79,\"price_unit\")"},"G81":{"content":"=ODOO.LIST(1,80,\"price_unit\")"},"G82":{"content":"=ODOO.LIST(1,81,\"price_unit\")"},"G83":{"content":"=ODOO.LIST(1,82,\"price_unit\")"},"G84":{"content":"=ODOO.LIST(1,83,\"price_unit\")"},"G85":{"content":"=ODOO.LIST(1,84,\"price_unit\")"},"G86":{"content":"=ODOO.LIST(1,85,\"price_unit\")"},"G87":{"content":"=ODOO.LIST(1,86,\"price_unit\")"},"G88":{"content":"=ODOO.LIST(1,87,\"price_unit\")"},"G89":{"content":"=ODOO.LIST(1,88,\"price_unit\")"},"G90":{"content":"=ODOO.LIST(1,89,\"price_unit\")"},"G91":{"content":"=ODOO.LIST(1,90,\"price_unit\")"},"G92":{"content":"=ODOO.LIST(1,91,\"price_unit\")"},"G93":{"content":"=ODOO.LIST(1,92,\"price_unit\")"},"G94":{"content":"=ODOO.LIST(1,93,\"price_unit\")"},"G95":{"content":"=ODOO.LIST(1,94,\"price_unit\")"},"G96":{"content":"=ODOO.LIST(1,95,\"price_unit\")"},"G97":{"content":"=ODOO.LIST(1,96,\"price_unit\")"},"G98":{"content":"=ODOO.LIST(1,97,\"price_unit\")"},"G99":{"content":"=ODOO.LIST(1,98,\"price_unit\")"},"G100":{"content":"=ODOO.LIST(1,99,\"price_unit\")"},"G101":{"content":"=ODOO.LIST(1,100,\"price_unit\")"},"H1":{"content":"=ODOO.LIST.HEADER(1,\"price_tax\")"},"H2":{"content":"=ODOO.LIST(1,1,\"price_tax\")"},"H3":{"content":"=ODOO.LIST(1,2,\"price_tax\")"},"H4":{"content":"=ODOO.LIST(1,3,\"price_tax\")"},"H5":{"content":"=ODOO.LIST(1,4,\"price_tax\")"},"H6":{"content":"=ODOO.LIST(1,5,\"price_tax\")"},"H7":{"content":"=ODOO.LIST(1,6,\"price_tax\")"},"H8":{"content":"=ODOO.LIST(1,7,\"price_tax\")"},"H9":{"content":"=ODOO.LIST(1,8,\"price_tax\")"},"H10":{"content":"=ODOO.LIST(1,9,\"price_tax\")"},"H11":{"content":"=ODOO.LIST(1,10,\"price_tax\")"},"H12":{"content":"=ODOO.LIST(1,11,\"price_tax\")"},"H13":{"content":"=ODOO.LIST(1,12,\"price_tax\")"},"H14":{"content":"=ODOO.LIST(1,13,\"price_tax\")"},"H15":{"content":"=ODOO.LIST(1,14,\"price_tax\")"},"H16":{"content":"=ODOO.LIST(1,15,\"price_tax\")"},"H17":{"content":"=ODOO.LIST(1,16,\"price_tax\")"},"H18":{"content":"=ODOO.LIST(1,17,\"price_tax\")"},"H19":{"content":"=ODOO.LIST(1,18,\"price_tax\")"},"H20":{"content":"=ODOO.LIST(1,19,\"price_tax\")"},"H21":{"content":"=ODOO.LIST(1,20,\"price_tax\")"},"H22":{"content":"=ODOO.LIST(1,21,\"price_tax\")"},"H23":{"content":"=ODOO.LIST(1,22,\"price_tax\")"},"H24":{"content":"=ODOO.LIST(1,23,\"price_tax\")"},"H25":{"content":"=ODOO.LIST(1,24,\"price_tax\")"},"H26":{"content":"=ODOO.LIST(1,25,\"price_tax\")"},"H27":{"content":"=ODOO.LIST(1,26,\"price_tax\")"},"H28":{"content":"=ODOO.LIST(1,27,\"price_tax\")"},"H29":{"content":"=ODOO.LIST(1,28,\"price_tax\")"},"H30":{"content":"=ODOO.LIST(1,29,\"price_tax\")"},"H31":{"content":"=ODOO.LIST(1,30,\"price_tax\")"},"H32":{"content":"=ODOO.LIST(1,31,\"price_tax\")"},"H33":{"content":"=ODOO.LIST(1,32,\"price_tax\")"},"H34":{"content":"=ODOO.LIST(1,33,\"price_tax\")"},"H35":{"content":"=ODOO.LIST(1,34,\"price_tax\")"},"H36":{"content":"=ODOO.LIST(1,35,\"price_tax\")"},"H37":{"content":"=ODOO.LIST(1,36,\"price_tax\")"},"H38":{"content":"=ODOO.LIST(1,37,\"price_tax\")"},"H39":{"content":"=ODOO.LIST(1,38,\"price_tax\")"},"H40":{"content":"=ODOO.LIST(1,39,\"price_tax\")"},"H41":{"content":"=ODOO.LIST(1,40,\"price_tax\")"},"H42":{"content":"=ODOO.LIST(1,41,\"price_tax\")"},"H43":{"content":"=ODOO.LIST(1,42,\"price_tax\")"},"H44":{"content":"=ODOO.LIST(1,43,\"price_tax\")"},"H45":{"content":"=ODOO.LIST(1,44,\"price_tax\")"},"H46":{"content":"=ODOO.LIST(1,45,\"price_tax\")"},"H47":{"content":"=ODOO.LIST(1,46,\"price_tax\")"},"H48":{"content":"=ODOO.LIST(1,47,\"price_tax\")"},"H49":{"content":"=ODOO.LIST(1,48,\"price_tax\")"},"H50":{"content":"=ODOO.LIST(1,49,\"price_tax\")"},"H51":{"content":"=ODOO.LIST(1,50,\"price_tax\")"},"H52":{"content":"=ODOO.LIST(1,51,\"price_tax\")"},"H53":{"content":"=ODOO.LIST(1,52,\"price_tax\")"},"H54":{"content":"=ODOO.LIST(1,53,\"price_tax\")"},"H55":{"content":"=ODOO.LIST(1,54,\"price_tax\")"},"H56":{"content":"=ODOO.LIST(1,55,\"price_tax\")"},"H57":{"content":"=ODOO.LIST(1,56,\"price_tax\")"},"H58":{"content":"=ODOO.LIST(1,57,\"price_tax\")"},"H59":{"content":"=ODOO.LIST(1,58,\"price_tax\")"},"H60":{"content":"=ODOO.LIST(1,59,\"price_tax\")"},"H61":{"content":"=ODOO.LIST(1,60,\"price_tax\")"},"H62":{"content":"=ODOO.LIST(1,61,\"price_tax\")"},"H63":{"content":"=ODOO.LIST(1,62,\"price_tax\")"},"H64":{"content":"=ODOO.LIST(1,63,\"price_tax\")"},"H65":{"content":"=ODOO.LIST(1,64,\"price_tax\")"},"H66":{"content":"=ODOO.LIST(1,65,\"price_tax\")"},"H67":{"content":"=ODOO.LIST(1,66,\"price_tax\")"},"H68":{"content":"=ODOO.LIST(1,67,\"price_tax\")"},"H69":{"content":"=ODOO.LIST(1,68,\"price_tax\")"},"H70":{"content":"=ODOO.LIST(1,69,\"price_tax\")"},"H71":{"content":"=ODOO.LIST(1,70,\"price_tax\")"},"H72":{"content":"=ODOO.LIST(1,71,\"price_tax\")"},"H73":{"content":"=ODOO.LIST(1,72,\"price_tax\")"},"H74":{"content":"=ODOO.LIST(1,73,\"price_tax\")"},"H75":{"content":"=ODOO.LIST(1,74,\"price_tax\")"},"H76":{"content":"=ODOO.LIST(1,75,\"price_tax\")"},"H77":{"content":"=ODOO.LIST(1,76,\"price_tax\")"},"H78":{"content":"=ODOO.LIST(1,77,\"price_tax\")"},"H79":{"content":"=ODOO.LIST(1,78,\"price_tax\")"},"H80":{"content":"=ODOO.LIST(1,79,\"price_tax\")"},"H81":{"content":"=ODOO.LIST(1,80,\"price_tax\")"},"H82":{"content":"=ODOO.LIST(1,81,\"price_tax\")"},"H83":{"content":"=ODOO.LIST(1,82,\"price_tax\")"},"H84":{"content":"=ODOO.LIST(1,83,\"price_tax\")"},"H85":{"content":"=ODOO.LIST(1,84,\"price_tax\")"},"H86":{"content":"=ODOO.LIST(1,85,\"price_tax\")"},"H87":{"content":"=ODOO.LIST(1,86,\"price_tax\")"},"H88":{"content":"=ODOO.LIST(1,87,\"price_tax\")"},"H89":{"content":"=ODOO.LIST(1,88,\"price_tax\")"},"H90":{"content":"=ODOO.LIST(1,89,\"price_tax\")"},"H91":{"content":"=ODOO.LIST(1,90,\"price_tax\")"},"H92":{"content":"=ODOO.LIST(1,91,\"price_tax\")"},"H93":{"content":"=ODOO.LIST(1,92,\"price_tax\")"},"H94":{"content":"=ODOO.LIST(1,93,\"price_tax\")"},"H95":{"content":"=ODOO.LIST(1,94,\"price_tax\")"},"H96":{"content":"=ODOO.LIST(1,95,\"price_tax\")"},"H97":{"content":"=ODOO.LIST(1,96,\"price_tax\")"},"H98":{"content":"=ODOO.LIST(1,97,\"price_tax\")"},"H99":{"content":"=ODOO.LIST(1,98,\"price_tax\")"},"H100":{"content":"=ODOO.LIST(1,99,\"price_tax\")"},"H101":{"content":"=ODOO.LIST(1,100,\"price_tax\")"},"I1":{"content":"=ODOO.LIST.HEADER(1,\"price_subtotal\")"},"I2":{"content":"=ODOO.LIST(1,1,\"price_subtotal\")"},"I3":{"content":"=ODOO.LIST(1,2,\"price_subtotal\")"},"I4":{"content":"=ODOO.LIST(1,3,\"price_subtotal\")"},"I5":{"content":"=ODOO.LIST(1,4,\"price_subtotal\")"},"I6":{"content":"=ODOO.LIST(1,5,\"price_subtotal\")"},"I7":{"content":"=ODOO.LIST(1,6,\"price_subtotal\")"},"I8":{"content":"=ODOO.LIST(1,7,\"price_subtotal\")"},"I9":{"content":"=ODOO.LIST(1,8,\"price_subtotal\")"},"I10":{"content":"=ODOO.LIST(1,9,\"price_subtotal\")"},"I11":{"content":"=ODOO.LIST(1,10,\"price_subtotal\")"},"I12":{"content":"=ODOO.LIST(1,11,\"price_subtotal\")"},"I13":{"content":"=ODOO.LIST(1,12,\"price_subtotal\")"},"I14":{"content":"=ODOO.LIST(1,13,\"price_subtotal\")"},"I15":{"content":"=ODOO.LIST(1,14,\"price_subtotal\")"},"I16":{"content":"=ODOO.LIST(1,15,\"price_subtotal\")"},"I17":{"content":"=ODOO.LIST(1,16,\"price_subtotal\")"},"I18":{"content":"=ODOO.LIST(1,17,\"price_subtotal\")"},"I19":{"content":"=ODOO.LIST(1,18,\"price_subtotal\")"},"I20":{"content":"=ODOO.LIST(1,19,\"price_subtotal\")"},"I21":{"content":"=ODOO.LIST(1,20,\"price_subtotal\")"},"I22":{"content":"=ODOO.LIST(1,21,\"price_subtotal\")"},"I23":{"content":"=ODOO.LIST(1,22,\"price_subtotal\")"},"I24":{"content":"=ODOO.LIST(1,23,\"price_subtotal\")"},"I25":{"content":"=ODOO.LIST(1,24,\"price_subtotal\")"},"I26":{"content":"=ODOO.LIST(1,25,\"price_subtotal\")"},"I27":{"content":"=ODOO.LIST(1,26,\"price_subtotal\")"},"I28":{"content":"=ODOO.LIST(1,27,\"price_subtotal\")"},"I29":{"content":"=ODOO.LIST(1,28,\"price_subtotal\")"},"I30":{"content":"=ODOO.LIST(1,29,\"price_subtotal\")"},"I31":{"content":"=ODOO.LIST(1,30,\"price_subtotal\")"},"I32":{"content":"=ODOO.LIST(1,31,\"price_subtotal\")"},"I33":{"content":"=ODOO.LIST(1,32,\"price_subtotal\")"},"I34":{"content":"=ODOO.LIST(1,33,\"price_subtotal\")"},"I35":{"content":"=ODOO.LIST(1,34,\"price_subtotal\")"},"I36":{"content":"=ODOO.LIST(1,35,\"price_subtotal\")"},"I37":{"content":"=ODOO.LIST(1,36,\"price_subtotal\")"},"I38":{"content":"=ODOO.LIST(1,37,\"price_subtotal\")"},"I39":{"content":"=ODOO.LIST(1,38,\"price_subtotal\")"},"I40":{"content":"=ODOO.LIST(1,39,\"price_subtotal\")"},"I41":{"content":"=ODOO.LIST(1,40,\"price_subtotal\")"},"I42":{"content":"=ODOO.LIST(1,41,\"price_subtotal\")"},"I43":{"content":"=ODOO.LIST(1,42,\"price_subtotal\")"},"I44":{"content":"=ODOO.LIST(1,43,\"price_subtotal\")"},"I45":{"content":"=ODOO.LIST(1,44,\"price_subtotal\")"},"I46":{"content":"=ODOO.LIST(1,45,\"price_subtotal\")"},"I47":{"content":"=ODOO.LIST(1,46,\"price_subtotal\")"},"I48":{"content":"=ODOO.LIST(1,47,\"price_subtotal\")"},"I49":{"content":"=ODOO.LIST(1,48,\"price_subtotal\")"},"I50":{"content":"=ODOO.LIST(1,49,\"price_subtotal\")"},"I51":{"content":"=ODOO.LIST(1,50,\"price_subtotal\")"},"I52":{"content":"=ODOO.LIST(1,51,\"price_subtotal\")"},"I53":{"content":"=ODOO.LIST(1,52,\"price_subtotal\")"},"I54":{"content":"=ODOO.LIST(1,53,\"price_subtotal\")"},"I55":{"content":"=ODOO.LIST(1,54,\"price_subtotal\")"},"I56":{"content":"=ODOO.LIST(1,55,\"price_subtotal\")"},"I57":{"content":"=ODOO.LIST(1,56,\"price_subtotal\")"},"I58":{"content":"=ODOO.LIST(1,57,\"price_subtotal\")"},"I59":{"content":"=ODOO.LIST(1,58,\"price_subtotal\")"},"I60":{"content":"=ODOO.LIST(1,59,\"price_subtotal\")"},"I61":{"content":"=ODOO.LIST(1,60,\"price_subtotal\")"},"I62":{"content":"=ODOO.LIST(1,61,\"price_subtotal\")"},"I63":{"content":"=ODOO.LIST(1,62,\"price_subtotal\")"},"I64":{"content":"=ODOO.LIST(1,63,\"price_subtotal\")"},"I65":{"content":"=ODOO.LIST(1,64,\"price_subtotal\")"},"I66":{"content":"=ODOO.LIST(1,65,\"price_subtotal\")"},"I67":{"content":"=ODOO.LIST(1,66,\"price_subtotal\")"},"I68":{"content":"=ODOO.LIST(1,67,\"price_subtotal\")"},"I69":{"content":"=ODOO.LIST(1,68,\"price_subtotal\")"},"I70":{"content":"=ODOO.LIST(1,69,\"price_subtotal\")"},"I71":{"content":"=ODOO.LIST(1,70,\"price_subtotal\")"},"I72":{"content":"=ODOO.LIST(1,71,\"price_subtotal\")"},"I73":{"content":"=ODOO.LIST(1,72,\"price_subtotal\")"},"I74":{"content":"=ODOO.LIST(1,73,\"price_subtotal\")"},"I75":{"content":"=ODOO.LIST(1,74,\"price_subtotal\")"},"I76":{"content":"=ODOO.LIST(1,75,\"price_subtotal\")"},"I77":{"content":"=ODOO.LIST(1,76,\"price_subtotal\")"},"I78":{"content":"=ODOO.LIST(1,77,\"price_subtotal\")"},"I79":{"content":"=ODOO.LIST(1,78,\"price_subtotal\")"},"I80":{"content":"=ODOO.LIST(1,79,\"price_subtotal\")"},"I81":{"content":"=ODOO.LIST(1,80,\"price_subtotal\")"},"I82":{"content":"=ODOO.LIST(1,81,\"price_subtotal\")"},"I83":{"content":"=ODOO.LIST(1,82,\"price_subtotal\")"},"I84":{"content":"=ODOO.LIST(1,83,\"price_subtotal\")"},"I85":{"content":"=ODOO.LIST(1,84,\"price_subtotal\")"},"I86":{"content":"=ODOO.LIST(1,85,\"price_subtotal\")"},"I87":{"content":"=ODOO.LIST(1,86,\"price_subtotal\")"},"I88":{"content":"=ODOO.LIST(1,87,\"price_subtotal\")"},"I89":{"content":"=ODOO.LIST(1,88,\"price_subtotal\")"},"I90":{"content":"=ODOO.LIST(1,89,\"price_subtotal\")"},"I91":{"content":"=ODOO.LIST(1,90,\"price_subtotal\")"},"I92":{"content":"=ODOO.LIST(1,91,\"price_subtotal\")"},"I93":{"content":"=ODOO.LIST(1,92,\"price_subtotal\")"},"I94":{"content":"=ODOO.LIST(1,93,\"price_subtotal\")"},"I95":{"content":"=ODOO.LIST(1,94,\"price_subtotal\")"},"I96":{"content":"=ODOO.LIST(1,95,\"price_subtotal\")"},"I97":{"content":"=ODOO.LIST(1,96,\"price_subtotal\")"},"I98":{"content":"=ODOO.LIST(1,97,\"price_subtotal\")"},"I99":{"content":"=ODOO.LIST(1,98,\"price_subtotal\")"},"I100":{"content":"=ODOO.LIST(1,99,\"price_subtotal\")"},"I101":{"content":"=ODOO.LIST(1,100,\"price_subtotal\")"}},"styles":{},"formats":{},"borders":{},"conditionalFormats":[],"figures":[],"tables":[{"range":"A1:I101","type":"static","config":{"firstColumn":false,"hasFilters":false,"totalRow":false,"lastColumn":false,"numberOfHeaders":1,"bandedRows":true,"bandedColumns":false,"styleId":"TableStyleMedium5"}}],"areGridLinesVisible":true,"isVisible":true,"headerGroups":{"ROW":[],"COL":[]},"dataValidationRules":[],"comments":{}}],"styles":{"1":{"fillColor":"#875A7B","textColor":"#FFFFFF"},"2":{"align":"center","fillColor":"#875A7B","textColor":"#FFFFFF"}},"formats":{"1":"0%","2":"#,##0.00[$€]"},"borders":{"1":{"top":{"style":"thin","color":"#000000"},"left":{"style":"thin","color":"#000000"}},"2":{"left":{"style":"thin","color":"#000000"}},"3":{"bottom":{"style":"thin","color":"#000000"},"left":{"style":"thin","color":"#000000"}},"4":{"top":{"style":"thin","color":"#000000"}},"5":{"bottom":{"style":"thin","color":"#000000"}},"6":{"top":{"style":"thin","color":"#000000"},"right":{"style":"thin","color":"#000000"}},"7":{"right":{"style":"thin","color":"#000000"}},"8":{"bottom":{"style":"thin","color":"#000000"},"right":{"style":"thin","color":"#000000"}},"9":{"left":{"style":"thin","color":"#000000"},"right":{"style":"thin","color":"#000000"}},"10":{"top":{"style":"thin","color":"#000000"},"left":{"style":"thin","color":"#000000"},"right":{"style":"thin","color":"#000000"}},"11":{"bottom":{"style":"thin","color":"#000000"},"left":{"style":"thin","color":"#000000"},"right":{"style":"thin","color":"#000000"}},"12":{"top":{"style":"thin","color":"#000000"},"bottom":{"style":"thin","color":"#000000"}}},"revisionId":"ae80f91a-9f28-4134-b541-b3c09b6ec6ba","uniqueFigureIds":true,"settings":{"locale":{"name":"English (US)","code":"en_US","thousandsSeparator":",","decimalSeparator":".","dateFormat":"mm/dd/yyyy","timeFormat":"hh:mm:ss","formulaArgSeparator":",","weekStart":7}},"pivots":{},"pivotNextId":1,"customTableStyles":{},"odooVersion":12,"globalFilters":[{"id":"order_filter_id","type":"relation","label":"Quote","modelName":"sale.order"}],"lists":{"1":{"columns":["product_id","product_uom_qty","qty_delivered","qty_invoiced","qty_to_invoice","product_uom_id","price_unit","price_tax","price_subtotal"],"domain":[["display_type","=",false]],"model":"sale.order.line","context":{},"orderBy":[],"id":"1","name":"Sale order lines","fieldMatching":{"order_filter_id":{"chain":"order_id","type":"many2one"}}}},"listNextId":2,"chartOdooMenusReferences":{}}
