<?xml version='1.0' encoding='UTF-8'?>
<odoo noupdate="1">
  <record id="crm_lead_8" model="crm.lead">
    <field name="partner_id" ref="base_industry_data.res_partner_32"/>
    <field name="name">EV Charger installation</field>
    <field name="user_id" ref="base.user_admin"/>
    <field name="team_id" ref="sales_team.team_sales_department"/>
    <field name="priority">3</field>
    <field name="stage_id" ref="crm.stage_lead2"/>
    <field name="expected_revenue">800.0</field>
    <field name="probability">95.45</field>
    <field name="iap_enrich_done" eval="True"/>
  </record>
  <record id="crm_lead_7" model="crm.lead">
    <field name="partner_id" ref="base_industry_data.res_partner_25"/>
    <field name="name">Emergency Call</field>
    <field name="user_id" ref="base.user_admin"/>
    <field name="team_id" ref="sales_team.team_sales_department"/>
    <field name="priority">3</field>
    <field name="stage_id" ref="crm.stage_lead4"/>
    <field name="tag_ids" eval="[(6, 0, [ref('crm_tag_6'), ref('crm_tag_7')])]"/>
    <field name="expected_revenue">2000.0</field>
    <field name="probability">100.0</field>
  </record>
  <record id="crm_lead_2" model="crm.lead">
    <field name="partner_id" ref="base_industry_data.res_partner_26"/>
    <field name="name">Electrical Cabinet Installation</field>
    <field name="user_id" ref="base.user_admin"/>
    <field name="team_id" ref="sales_team.team_sales_department"/>
    <field name="priority">3</field>
    <field name="stage_id" ref="crm.stage_lead2"/>
    <field name="expected_revenue">5900.0</field>
    <field name="probability">95.45</field>
    <field name="iap_enrich_done" eval="True"/>
  </record>
  <record id="crm_lead_11" model="crm.lead">
    <field name="partner_id" ref="base_industry_data.res_partner_23"/>
    <field name="name">Breaker repair for company</field>
    <field name="user_id" ref="base.user_admin"/>
    <field name="team_id" ref="sales_team.team_sales_department"/>
    <field name="priority">2</field>
    <field name="stage_id" ref="crm.stage_lead2"/>
    <field name="expected_revenue">1500.0</field>
    <field name="probability">95.45</field>
    <field name="iap_enrich_done" eval="True"/>
  </record>
  <record id="crm_lead_10" model="crm.lead">
    <field name="partner_id" ref="res_partner_32"/>
    <field name="name">HVAC Installation</field>
    <field name="user_id" ref="base.user_admin"/>
    <field name="team_id" ref="sales_team.team_sales_department"/>
    <field name="priority">2</field>
    <field name="stage_id" ref="crm.stage_lead4"/>
    <field name="tag_ids" eval="[(6, 0, [ref('crm_tag_5')])]"/>
    <field name="expected_revenue">3000.0</field>
    <field name="probability">100.0</field>
  </record>
  <record id="crm_lead_6" model="crm.lead">
    <field name="partner_id" ref="base_industry_data.res_partner_26"/>
    <field name="name">Electrical Wiring Assessment &amp; Certification</field>
    <field name="user_id" ref="base.user_admin"/>
    <field name="team_id" ref="sales_team.team_sales_department"/>
    <field name="priority">2</field>
    <field name="stage_id" ref="crm.stage_lead2"/>
    <field name="expected_revenue">6000.0</field>
    <field name="probability">95.45</field>
    <field name="iap_enrich_done" eval="True"/>
  </record>
  <record id="crm_lead_5" model="crm.lead">
    <field name="partner_id" ref="base_industry_data.res_partner_22"/>
    <field name="name">Home automation systems insallation</field>
    <field name="user_id" ref="base.user_admin"/>
    <field name="team_id" ref="sales_team.team_sales_department"/>
    <field name="priority">2</field>
    <field name="stage_id" ref="crm.stage_lead3"/>
    <field name="tag_ids" eval="[(6, 0, [ref('crm_tag_1'), ref('crm_tag_2'), ref('crm_tag_3')])]"/>
    <field name="expected_revenue">3500.0</field>
    <field name="probability">95.45</field>
    <field name="iap_enrich_done" eval="True"/>
  </record>
  <record id="crm_lead_3" model="crm.lead">
    <field name="partner_id" ref="base_industry_data.res_partner_29"/>
    <field name="name">Installation &amp; Wiring</field>
    <field name="user_id" ref="base.user_admin"/>
    <field name="team_id" ref="sales_team.team_sales_department"/>
    <field name="priority">2</field>
    <field name="stage_id" ref="crm.stage_lead3"/>
    <field name="expected_revenue">2800.0</field>
    <field name="probability">95.45</field>
    <field name="iap_enrich_done" eval="True"/>
  </record>
  <record id="crm_lead_9" model="crm.lead">
    <field name="partner_id" ref="base_industry_data.res_partner_31"/>
    <field name="name">Lightning systems installation</field>
    <field name="user_id" ref="base.user_admin"/>
    <field name="team_id" ref="sales_team.team_sales_department"/>
    <field name="priority">1</field>
    <field name="stage_id" ref="crm.stage_lead2"/>
    <field name="expected_revenue">3000.0</field>
    <field name="probability">95.45</field>
    <field name="iap_enrich_done" eval="True"/>
  </record>
  <record id="crm_lead_4" model="crm.lead">
    <field name="partner_id" ref="base_industry_data.res_partner_27"/>
    <field name="name">Lighting Installation</field>
    <field name="user_id" ref="base.user_admin"/>
    <field name="team_id" ref="sales_team.team_sales_department"/>
    <field name="priority">1</field>
    <field name="stage_id" ref="crm.stage_lead1"/>
    <field name="expected_revenue">400.0</field>
    <field name="probability">95.45</field>
    <field name="iap_enrich_done" eval="True"/>
  </record>
  <record id="crm_lead_1" model="crm.lead">
    <field name="partner_id" ref="base_industry_data.res_partner_23"/>
    <field name="name">Electrical Safety Inspection</field>
    <field name="user_id" ref="base.user_admin"/>
    <field name="team_id" ref="sales_team.team_sales_department"/>
    <field name="priority">1</field>
    <field name="stage_id" ref="crm.stage_lead3"/>
    <field name="tag_ids" eval="[(6, 0, [ref('crm_tag_4')])]"/>
    <field name="expected_revenue">2300.0</field>
    <field name="probability">95.45</field>
    <field name="iap_enrich_done" eval="True"/>
  </record>
</odoo>
