<?xml version='1.0' encoding='UTF-8'?>
<odoo noupdate="1">
  <record id="hr.employee_admin" model="hr.employee" forcecreate="1">
    <field name="name">Casey Admin</field>
    <field name="department_id" ref="hr.dep_administration"/>
    <field name="job_title">Chief Executive Administrator</field>
    <field name="address_id" ref="base.main_partner"/>
    <field name="work_phone">+1 650-691-3277</field>
    <field name="work_contact_id" ref="base.partner_admin"/>
    <field name="work_email">casey.admin@yourcompany.example.com</field>
    <field name="user_id" ref="base.user_admin"/>
  </record>
  <record id="hr_employee_4" model="hr.employee">
    <field name="name">David Miller</field>
    <field name="department_id" ref="hr_department_2"/>
    <field name="address_id" ref="base.main_partner"/>
    <field name="work_phone">+1 650-691-3277</field>
    <field name="work_contact_id" ref="res_partner_32"/>
    <field name="work_email">david.miller@yourcompany.example.com</field>
    <field name="parent_id" ref="hr.employee_admin"/>
    <field name="coach_id" ref="hr.employee_admin"/>
    <field name="timesheet_manager_id" ref="base.user_admin"/>
  </record>
  <record id="hr_employee_5" model="hr.employee">
    <field name="name">Jessica Rodriguez</field>
    <field name="department_id" ref="hr_department_2"/>
    <field name="address_id" ref="base.main_partner"/>
    <field name="work_phone">+1 650-691-3277</field>
    <field name="work_contact_id" ref="res_partner_33"/>
    <field name="work_email">jessica.rodriguez@yourcompany.example.com</field>
    <field name="parent_id" ref="hr.employee_admin"/>
    <field name="coach_id" ref="hr.employee_admin"/>
    <field name="timesheet_manager_id" ref="base.user_admin"/>
  </record>
  <record id="hr_employee_7" model="hr.employee">
    <field name="name">Jon Electric</field>
    <field name="address_id" ref="base.main_partner"/>
    <field name="work_phone">+1 650-691-3277</field>
    <field name="hourly_cost">25.0</field>
  </record>
  <record id="hr_employee_3" model="hr.employee">
    <field name="name">Michael Demo</field>
    <field name="department_id" ref="hr_department_2"/>
    <field name="job_title">Amazing Employee</field>
    <field name="address_id" ref="base.main_partner"/>
    <field name="work_phone">+1 650-691-3277</field>
    <field name="work_email">michael.demo@yourcompany.example.com</field>
    <field name="parent_id" ref="hr.employee_admin"/>
    <field name="coach_id" ref="hr.employee_admin"/>
    <field name="timesheet_manager_id" ref="base.user_admin"/>
  </record>
  <record id="hr_employee_6" model="hr.employee">
    <field name="name">Robert Wilson</field>
    <field name="department_id" ref="hr_department_2"/>
    <field name="address_id" ref="base.main_partner"/>
    <field name="work_phone">+1 650-691-3277</field>
    <field name="work_contact_id" ref="res_partner_51"/>
    <field name="work_email">robert.wilson@yourcompany.example.com</field>
    <field name="parent_id" ref="hr.employee_admin"/>
    <field name="coach_id" ref="hr.employee_admin"/>
    <field name="timesheet_manager_id" ref="base.user_admin"/>
  </record>
  <record id="hr_employee_2" model="hr.employee">
    <field name="name">Sarah Thompson</field>
    <field name="department_id" ref="hr_department_2"/>
    <field name="address_id" ref="base.main_partner"/>
    <field name="work_phone">+1 650-691-3277</field>
    <field name="work_contact_id" ref="res_partner_54"/>
    <field name="work_email">sarah.thompson@yourcompany.example.com</field>
    <field name="parent_id" ref="hr.employee_admin"/>
    <field name="coach_id" ref="hr.employee_admin"/>
    <field name="timesheet_manager_id" ref="base.user_admin"/>
  </record>
</odoo>
