<?xml version='1.0' encoding='UTF-8'?>
<odoo noupdate="1">
  <record id="planning_slot_1" model="planning.slot">
    <field name="company_id" ref="base.main_company"/>
    <field name="start_datetime" model="hr.employee" eval="pytz.timezone(obj().env.user.tz or 'UTC').localize(DateTime.today().date() + relativedelta(weekday=0, hour=5)).astimezone(pytz.UTC).replace(tzinfo=None)"/>
    <field name="end_datetime" model="hr.employee" eval="pytz.timezone(obj().env.user.tz or 'UTC').localize(DateTime.today().date() + relativedelta(weekday=0, hour=14)).astimezone(pytz.UTC).replace(tzinfo=None)"/>
    <field name="template_id" ref="planning_slot_template_1"/>
    <field name="project_id" ref="industry_fsm.fsm_project"/>
    <field name="role_id" ref="planning_role_1"/>
    <field name="recurrency_id" ref="planning_recurrency_1"/>
  </record>
  <record id="planning_slot_5" model="planning.slot">
    <field name="company_id" ref="base.main_company"/>
    <field name="start_datetime" model="hr.employee" eval="pytz.timezone(obj().env.user.tz or 'UTC').localize(DateTime.today().date() + relativedelta(weekday=0, hour=5)).astimezone(pytz.UTC).replace(tzinfo=None)"/>
    <field name="end_datetime" model="hr.employee" eval="pytz.timezone(obj().env.user.tz or 'UTC').localize(DateTime.today().date() + relativedelta(weekday=0, hour=14)).astimezone(pytz.UTC).replace(tzinfo=None)"/>
    <field name="template_id" ref="planning_slot_template_1"/>
    <field name="project_id" ref="industry_fsm.fsm_project"/>
    <field name="role_id" ref="planning_role_1"/>
    <field name="recurrency_id" ref="planning_recurrency_1"/>
  </record>
  <record id="planning_slot_4" model="planning.slot">
    <field name="company_id" ref="base.main_company"/>
    <field name="start_datetime" model="hr.employee" eval="pytz.timezone(obj().env.user.tz or 'UTC').localize(DateTime.today().date() + relativedelta(weekday=0, hour=5)).astimezone(pytz.UTC).replace(tzinfo=None)"/>
    <field name="end_datetime" model="hr.employee" eval="pytz.timezone(obj().env.user.tz or 'UTC').localize(DateTime.today().date() + relativedelta(weekday=0, hour=14)).astimezone(pytz.UTC).replace(tzinfo=None)"/>
    <field name="template_id" ref="planning_slot_template_1"/>
    <field name="project_id" ref="industry_fsm.fsm_project"/>
    <field name="role_id" ref="planning_role_1"/>
    <field name="recurrency_id" ref="planning_recurrency_1"/>
  </record>
  <record id="planning_slot_3" model="planning.slot">
    <field name="company_id" ref="base.main_company"/>
    <field name="start_datetime" model="hr.employee" eval="pytz.timezone(obj().env.user.tz or 'UTC').localize(DateTime.today().date() + relativedelta(weekday=0, hour=5)).astimezone(pytz.UTC).replace(tzinfo=None)"/>
    <field name="end_datetime" model="hr.employee" eval="pytz.timezone(obj().env.user.tz or 'UTC').localize(DateTime.today().date() + relativedelta(weekday=0, hour=14)).astimezone(pytz.UTC).replace(tzinfo=None)"/>
    <field name="template_id" ref="planning_slot_template_1"/>
    <field name="project_id" ref="industry_fsm.fsm_project"/>
    <field name="role_id" ref="planning_role_1"/>
    <field name="recurrency_id" ref="planning_recurrency_1"/>
  </record>
  <record id="planning_slot_2" model="planning.slot">
    <field name="company_id" ref="base.main_company"/>
    <field name="start_datetime" model="hr.employee" eval="pytz.timezone(obj().env.user.tz or 'UTC').localize(DateTime.today().date() + relativedelta(weekday=0, hour=5)).astimezone(pytz.UTC).replace(tzinfo=None)"/>
    <field name="end_datetime" model="hr.employee" eval="pytz.timezone(obj().env.user.tz or 'UTC').localize(DateTime.today().date() + relativedelta(weekday=0, hour=14)).astimezone(pytz.UTC).replace(tzinfo=None)"/>
    <field name="template_id" ref="planning_slot_template_1"/>
    <field name="project_id" ref="industry_fsm.fsm_project"/>
    <field name="role_id" ref="planning_role_1"/>
    <field name="recurrency_id" ref="planning_recurrency_1"/>
  </record>
</odoo>
