<?xml version='1.0' encoding='UTF-8'?>
<odoo noupdate="1">
  <record id="project_task_8" model="project.task">
    <field name="name">Compliance check - Wiring Systems</field>
    <field name="project_id" ref="project_project_3"/>
    <field name="stage_id" ref="industry_fsm.planning_project_stage_1"/>
    <field name="date_assign" eval="DateTime.today()"/>
    <field name="date_deadline" eval="(datetime.today() + timedelta(days=5)).strftime('%Y-%m-%d %H:%M')"/>
    <field name="planned_date_begin" eval="(datetime.today() + timedelta(days=1)).strftime('%Y-%m-%d 08:00:00')"/>
    <field name="allocated_hours">17.0</field>
    <field name="partner_id" ref="base_industry_data.res_partner_23"/>
  </record>
  <record id="project_task_9" model="project.task">
    <field name="name">S00010 - Various Materials</field>
    <field name="project_id" ref="project_project_8"/>
    <field name="stage_id" ref="industry_fsm.planning_project_stage_0"/>
    <field name="user_ids" eval="[(6, 0, [])]"/>
    <field name="sale_line_id" ref="sale_order_line_15"/>
    <field name="partner_id" ref="base_industry_data.res_partner_34"/>
  </record>
  <record id="project_task_7" model="project.task">
    <field name="name">S00006 - Fixed Price</field>
    <field name="description"><![CDATA[<p> <b>Residential Electrical Panel Upgrade</b></p><p>	•	Inspect existing electrical panel and assess capacity.</p><p>	•	Remove outdated or faulty breakers and wiring.</p><p>	•	Install and wire a new breaker panel according to code compliance.</p><p>	•	Test all connections and ensure proper grounding.</p><p>	•	Provide documentation and safety recommendations to the homeowner.</p>]]></field>
    <field name="project_id" ref="project_project_7"/>
    <field name="stage_id" ref="industry_fsm.planning_project_stage_2"/>
    <field name="user_ids" eval="[(6, 0, [])]"/>
    <field name="sale_line_id" ref="sale_order_line_46"/>
    <field name="partner_id" ref="base_industry_data.res_partner_31"/>
  </record>
  <record id="project_task_6" model="project.task">
    <field name="name">S00005 - Timesheets</field>
    <field name="description"><![CDATA[<p>	•	Assess the customer’s electrical system for compatibility.</p><p>	•	Install a dedicated circuit and run wiring to the charger location.</p><p>	•	Mount and connect the EV charging unit.</p><p>	•	Perform system testing to ensure proper function.</p><p>	•	Explain usage and maintenance to the customer.</p>]]></field>
    <field name="project_id" ref="project_project_6"/>
    <field name="stage_id" ref="industry_fsm.planning_project_stage_0"/>
    <field name="user_ids" eval="[(6, 0, [])]"/>
    <field name="allocated_hours">10.0</field>
    <field name="sale_line_id" ref="sale_order_line_34"/>
    <field name="partner_id" ref="base_industry_data.res_partner_22"/>
    <field name="partner_phone">+1 206-248-1339</field>
  </record>
  <record id="project_task_5" model="project.task">
    <field name="name">S00003 - Timesheets</field>
    <field name="description"><![CDATA[<p>	•	Conduct a thorough inspection of the electrical system.</p><p>	•	Check outlets, wiring, grounding, and breaker panels for hazards.</p><p>	•	Identify outdated or non-compliant installations.</p><p>	•	Provide a detailed report with recommended upgrades.</p><p>	•	Perform necessary repairs or schedule a follow-up service.</p>]]></field>
    <field name="project_id" ref="project_project_5"/>
    <field name="stage_id" ref="industry_fsm.planning_project_stage_0"/>
    <field name="user_ids" eval="[(6, 0, [])]"/>
    <field name="allocated_hours">1.0</field>
    <field name="sale_line_id" ref="sale_order_line_21"/>
    <field name="partner_id" ref="res_partner_14"/>
  </record>
  <record id="project_task_4" model="project.task">
    <field name="name">S00002 - Fixed Price</field>
    <field name="description"><![CDATA[<p> <b>Troubleshooting &amp; Repair of Power Outages</b></p><p>	•	Respond to customer complaints regarding power loss.</p><p>	•	Inspect the breaker panel, wiring, and outlets for faults.</p><p>	•	Identify the cause (e.g., tripped breaker, faulty wiring, overloaded circuit).</p><p>	•	Perform necessary repairs or replacements.</p><p>	•	Test and verify restored power, ensuring safety compliance.</p>]]></field>
    <field name="project_id" ref="project_project_4"/>
    <field name="stage_id" ref="industry_fsm.planning_project_stage_3"/>
    <field name="date_end" eval="(datetime.today() + timedelta(days=1)).strftime('%Y-%m-%d 15:58:50')"/>
    <field name="user_ids" eval="[(6, 0, [])]"/>
    <field name="sale_line_id" ref="sale_order_line_12"/>
    <field name="partner_id" ref="base_industry_data.res_partner_22"/>
  </record>
  <record id="project_task_3" model="project.task">
    <field name="name">S00001 - Fixed Price</field>
    <field name="description"><![CDATA[<p> <b>Installation of New Light Fixtures &amp; Switches</b></p><p>	•	Assess the area for fixture placement and electrical load.</p><p>	•	Turn off power and safely remove old fixtures or switches.</p><p>	•	Install new light fixtures, dimmer switches, or smart controls.</p><p>	•	Ensure secure wiring connections and mount fixtures properly.</p><p>	•	Test operation and provide instructions to the customer.</p>]]></field>
    <field name="project_id" ref="project_project_3"/>
    <field name="stage_id" ref="industry_fsm.planning_project_stage_1"/>
    <field name="state">1_done</field>
    <field name="user_ids" eval="[(6, 0, [])]"/>
    <field name="sale_line_id" ref="sale_order_line_4"/>
    <field name="partner_id" ref="base_industry_data.res_partner_23"/>
  </record>
</odoo>
