<?xml version='1.0' encoding='UTF-8'?>
<odoo noupdate="1">
  <record id="project_project_3" model="project.project">
    <field name="name">S00001 - Tasks</field>
    <field name="is_fsm" eval="True"/>
    <field name="allow_material" eval="True"/>
    <field name="allow_billable" eval="True"/>
    <field name="company_id" ref="base.main_company"/>
    <field name="type_ids" eval="[(6, 0, [ref('industry_fsm.planning_project_stage_0'), ref('industry_fsm.planning_project_stage_1'), ref('industry_fsm.planning_project_stage_2'), ref('industry_fsm.planning_project_stage_3'), ref('industry_fsm.planning_project_stage_4')])]"/>
    <field name="user_id" ref="base.user_admin"/>
    <field name="allocated_hours">12.0</field>
    <field name="allow_worksheets" eval="True"/>
    <field name="partner_id" ref="base_industry_data.res_partner_23"/>
  </record>
  <record id="project_project_4" model="project.project">
    <field name="name">S00002 - Tasks</field>
    <field name="is_fsm" eval="True"/>
    <field name="allow_material" eval="True"/>
    <field name="allow_billable" eval="True"/>
    <field name="company_id" ref="base.main_company"/>
    <field name="type_ids" eval="[(6, 0, [ref('industry_fsm.planning_project_stage_0'), ref('industry_fsm.planning_project_stage_1'), ref('industry_fsm.planning_project_stage_2'), ref('industry_fsm.planning_project_stage_3'), ref('industry_fsm.planning_project_stage_4')])]"/>
    <field name="user_id" ref="base.user_admin"/>
    <field name="allocated_hours">15.0</field>
    <field name="allow_worksheets" eval="True"/>
    <field name="partner_id" ref="base_industry_data.res_partner_22"/>
  </record>
  <record id="project_project_5" model="project.project">
    <field name="name">S00003 - Tasks</field>
    <field name="is_fsm" eval="True"/>
    <field name="allow_material" eval="True"/>
    <field name="allow_billable" eval="True"/>
    <field name="company_id" ref="base.main_company"/>
    <field name="type_ids" eval="[(6, 0, [ref('industry_fsm.planning_project_stage_0'), ref('industry_fsm.planning_project_stage_1'), ref('industry_fsm.planning_project_stage_2'), ref('industry_fsm.planning_project_stage_3'), ref('industry_fsm.planning_project_stage_4')])]"/>
    <field name="user_id" ref="base.user_admin"/>
    <field name="allocated_hours">1.0</field>
    <field name="allow_worksheets" eval="True"/>
    <field name="partner_id" ref="res_partner_14"/>
  </record>
  <record id="project_project_6" model="project.project">
    <field name="name">S00005 - Tasks</field>
    <field name="is_fsm" eval="True"/>
    <field name="allow_material" eval="True"/>
    <field name="allow_billable" eval="True"/>
    <field name="company_id" ref="base.main_company"/>
    <field name="type_ids" eval="[(6, 0, [ref('industry_fsm.planning_project_stage_0'), ref('industry_fsm.planning_project_stage_1'), ref('industry_fsm.planning_project_stage_2'), ref('industry_fsm.planning_project_stage_3'), ref('industry_fsm.planning_project_stage_4')])]"/>
    <field name="user_id" ref="base.user_admin"/>
    <field name="allocated_hours">10.0</field>
    <field name="allow_worksheets" eval="True"/>
    <field name="partner_id" ref="base_industry_data.res_partner_22"/>
  </record>
  <record id="project_project_7" model="project.project">
    <field name="name">S00006 - Tasks</field>
    <field name="is_fsm" eval="True"/>
    <field name="allow_material" eval="True"/>
    <field name="allow_billable" eval="True"/>
    <field name="company_id" ref="base.main_company"/>
    <field name="type_ids" eval="[(6, 0, [ref('industry_fsm.planning_project_stage_0'), ref('industry_fsm.planning_project_stage_1'), ref('industry_fsm.planning_project_stage_2'), ref('industry_fsm.planning_project_stage_3'), ref('industry_fsm.planning_project_stage_4')])]"/>
    <field name="user_id" ref="base.user_admin"/>
    <field name="allocated_hours">1.0</field>
    <field name="allow_worksheets" eval="True"/>
    <field name="partner_id" ref="base_industry_data.res_partner_31"/>
  </record>
  <record id="project_project_8" model="project.project">
    <field name="name">S00010 - Tasks</field>
    <field name="is_fsm" eval="True"/>
    <field name="allow_material" eval="True"/>
    <field name="allow_billable" eval="True"/>
    <field name="company_id" ref="base.main_company"/>
    <field name="type_ids" eval="[(6, 0, [ref('industry_fsm.planning_project_stage_0'), ref('industry_fsm.planning_project_stage_1'), ref('industry_fsm.planning_project_stage_2'), ref('industry_fsm.planning_project_stage_3'), ref('industry_fsm.planning_project_stage_4')])]"/>
    <field name="user_id" ref="base.user_admin"/>
    <field name="allocated_hours">1.0</field>
    <field name="allow_worksheets" eval="True"/>
    <field name="partner_id" ref="base_industry_data.res_partner_34"/>
  </record>
</odoo>
