<?xml version='1.0' encoding='UTF-8'?>
<odoo noupdate="1">
  <record id="purchase_order_line_2" model="purchase.order.line">
    <field name="product_id" ref="product_product_13"/>
    <field name="order_id" ref="purchase_order_2"/>
    <field name="product_qty">1.0</field>
    <field name="price_unit">449.0</field>
  </record>
  <record id="purchase_order_line_1" model="purchase.order.line">
    <field name="product_id" ref="product_product_6"/>
    <field name="order_id" ref="purchase_order_1"/>
    <field name="product_qty">1.0</field>
    <field name="price_unit">250.0</field>
  </record>
</odoo>
