<?xml version='1.0' encoding='UTF-8'?>
<odoo noupdate="1">
  <record id="base_industry_data.res_partner_31" model="res.partner" forcecreate="1">
    <field name="image_1920" type="base64" file="electrician/static/src/binary/res_partner/36-image_1920"/>
    <field name="name">Insurance Group</field>
    <field name="country_id" ref="base.us"/>
    <field name="street">1501 Euclid Ave, Cleveland, OH 44115-2113, US</field>
    <field name="zip">44115</field>
    <field name="city">Cleveland</field>
    <field name="state_id" ref="base.state_us_30"/>
    <field name="is_company" eval="True"/>
  </record>
  <record id="res_partner_37" model="res.partner">
    <field name="image_1920" type="base64" file="electrician/static/src/binary/res_partner/39-image_1920"/>
    <field name="name">Kenner Dental Group</field>
    <field name="country_id" ref="base.us"/>
    <field name="website">http://kennerdentalgroup.com</field>
    <field name="street">1501 Euclid Ave, Cleveland, OH 44115-2113, US</field>
    <field name="zip">44115</field>
    <field name="city">Cleveland</field>
    <field name="state_id" ref="base.state_us_30"/>
    <field name="phone">+1 206-248-1339</field>
    <field name="is_company" eval="True"/>
  </record>
  <record id="res_partner_32" model="res.partner">
    <field name="image_1920" type="base64" file="electrician/static/src/binary/res_partner/32-image_1920"/>
    <field name="name">David Miller</field>
    <field name="parent_id" ref="base.main_partner"/>
    <field name="vat">BE0477472701</field>
    <field name="country_id" ref="base.be"/>
    <field name="company_registry">0477472701</field>
    <field name="employee" eval="True"/>
    <field name="street">Rue des Bourlottes 9</field>
    <field name="zip">1367</field>
    <field name="city">Ramillies</field>
    <field name="email">david.miller@yourcompany.example.com</field>
    <field name="company_id" ref="base.main_company"/>
  </record>
  <record id="res_partner_14" model="res.partner">
    <field name="image_1920" type="base64" file="electrician/static/src/binary/res_partner/42-image_1920"/>
    <field name="name">MetroBusiness Center</field>
    <field name="is_company" eval="True"/>
  </record>
  <record id="res_partner_10" model="res.partner">
    <field name="name">Americas Sales Office</field>
    <field name="parent_id" ref="base.main_partner"/>
    <field name="vat">BE0477472701</field>
    <field name="country_id" ref="base.be"/>
    <field name="company_registry">0477472701</field>
    <field name="street">Rue des Bourlottes 9</field>
    <field name="zip">1367</field>
    <field name="city">Ramillies</field>
    <field name="phone">+1 (929) 352-6366</field>
  </record>
  <record id="res_partner_9" model="res.partner">
    <field name="name">Americas Sales, Services</field>
    <field name="parent_id" ref="base.main_partner"/>
    <field name="vat">BE0477472701</field>
    <field name="country_id" ref="base.be"/>
    <field name="company_registry">0477472701</field>
    <field name="street">Rue des Bourlottes 9</field>
    <field name="zip">1367</field>
    <field name="city">Ramillies</field>
    <field name="phone">+1 (650) 691-3277  </field>
  </record>
  <record id="res_partner_11" model="res.partner">
    <field name="name">Asia/Pacific Sales Office</field>
    <field name="parent_id" ref="base.main_partner"/>
    <field name="vat">BE0477472701</field>
    <field name="country_id" ref="base.be"/>
    <field name="company_registry">0477472701</field>
    <field name="street">Rue des Bourlottes 9</field>
    <field name="zip">1367</field>
    <field name="city">Ramillies</field>
    <field name="phone">+852 39 500 610</field>
  </record>
  <record id="res_partner_12" model="res.partner">
    <field name="name">Asia/Pacific Services and R&amp;D</field>
    <field name="parent_id" ref="base.main_partner"/>
    <field name="vat">BE0477472701</field>
    <field name="country_id" ref="base.be"/>
    <field name="company_registry">0477472701</field>
    <field name="street">Rue des Bourlottes 9</field>
    <field name="zip">1367</field>
    <field name="city">Ramillies</field>
    <field name="phone">+91 (79) 40 500 100</field>
  </record>
  <record id="res_partner_7" model="res.partner">
    <field name="name">EMEA Sales Office</field>
    <field name="parent_id" ref="base.main_partner"/>
    <field name="vat">BE0477472701</field>
    <field name="country_id" ref="base.be"/>
    <field name="company_registry">0477472701</field>
    <field name="street">Rue des Bourlottes 9</field>
    <field name="zip">1367</field>
    <field name="city">Ramillies</field>
    <field name="phone">+32 2 290 34 90</field>
  </record>
  <record id="res_partner_8" model="res.partner">
    <field name="name">EMEA Services, R&amp;D and Headquarters</field>
    <field name="parent_id" ref="base.main_partner"/>
    <field name="vat">BE0477472701</field>
    <field name="country_id" ref="base.be"/>
    <field name="company_registry">0477472701</field>
    <field name="street">Rue des Bourlottes 9</field>
    <field name="zip">1367</field>
    <field name="city">Ramillies</field>
    <field name="phone">+32 81 81 37 00</field>
  </record>
  <record id="res_partner_33" model="res.partner">
    <field name="image_1920" type="base64" file="electrician/static/src/binary/res_partner/33-image_1920"/>
    <field name="name">Jessica Rodriguez</field>
    <field name="parent_id" ref="base.main_partner"/>
    <field name="vat">BE0477472701</field>
    <field name="country_id" ref="base.be"/>
    <field name="company_registry">0477472701</field>
    <field name="employee" eval="True"/>
    <field name="street">Rue des Bourlottes 9</field>
    <field name="zip">1367</field>
    <field name="city">Ramillies</field>
    <field name="email">jessica.rodriguez@yourcompany.example.com</field>
    <field name="company_id" ref="base.main_company"/>
  </record>
  <record id="res_partner_53" model="res.partner">
    <field name="name">Jon Carpenter</field>
    <field name="parent_id" ref="base.main_partner"/>
    <field name="vat">BE0477472701</field>
    <field name="country_id" ref="base.be"/>
    <field name="company_registry">0477472701</field>
    <field name="employee" eval="True"/>
    <field name="street">Rue des Bourlottes 9</field>
    <field name="zip">1367</field>
    <field name="city">Ramillies</field>
  </record>
  <record id="res_partner_51" model="res.partner">
    <field name="image_1920" type="base64" file="electrician/static/src/binary/res_partner/34-image_1920"/>
    <field name="name">Robert Wilson</field>
    <field name="parent_id" ref="base.main_partner"/>
    <field name="vat">BE0477472701</field>
    <field name="country_id" ref="base.be"/>
    <field name="company_registry">0477472701</field>
    <field name="employee" eval="True"/>
    <field name="street">Rue des Bourlottes 9</field>
    <field name="zip">1367</field>
    <field name="city">Ramillies</field>
    <field name="email">robert.wilson@yourcompany.example.com</field>
    <field name="company_id" ref="base.main_company"/>
  </record>
  <record id="res_partner_54" model="res.partner">
    <field name="image_1920" type="base64" file="electrician/static/src/binary/res_partner/35-image_1920"/>
    <field name="name">Sarah Thompson</field>
    <field name="parent_id" ref="base.main_partner"/>
    <field name="vat">BE0477472701</field>
    <field name="country_id" ref="base.be"/>
    <field name="company_registry">0477472701</field>
    <field name="employee" eval="True"/>
    <field name="street">Rue des Bourlottes 9</field>
    <field name="zip">1367</field>
    <field name="city">Ramillies</field>
    <field name="email">sarah.thompson@yourcompany.example.com</field>
    <field name="company_id" ref="base.main_company"/>
  </record>
  <record id="res_partner_36" model="res.partner">
    <field name="name">My Electrics Systems Vendor</field>
  </record>
  <record id="res_partner_49" model="res.partner">
    <field name="name">My EV Charger Vendor</field>
    <field name="supplier_rank">1</field>
  </record>
  <record id="res_partner_52" model="res.partner">
    <field name="name">My Materials Vendor</field>
    <field name="supplier_rank">1</field>
  </record>
  <record id="res_partner_15" model="res.partner">
    <field name="image_1920" type="base64" file="electrician/static/src/binary/res_partner/48-image_1920"/>
    <field name="name">Northview Apartment REIT</field>
    <field name="country_id" ref="base.us"/>
    <field name="street">1501 Euclid Ave, Cleveland, OH 44115-2113, US</field>
    <field name="zip">44115</field>
    <field name="city">Cleveland</field>
    <field name="state_id" ref="base.state_us_30"/>
    <field name="is_company" eval="True"/>
  </record>
  <record id="res_partner_20" model="res.partner">
    <field name="image_1920" type="base64" file="electrician/static/src/binary/res_partner/50-image_1920"/>
    <field name="name">Oakwood Village Community</field>
    <field name="country_id" ref="base.us"/>
    <field name="street">1501 Euclid Ave, Cleveland, OH 44115-2113, US</field>
    <field name="zip">44115</field>
    <field name="city">Cleveland</field>
    <field name="state_id" ref="base.state_us_30"/>
    <field name="is_company" eval="True"/>
  </record>
</odoo>
