<?xml version='1.0' encoding='UTF-8'?>
<odoo noupdate="1">
  <record id="sale_order_10" model="sale.order">
    <field name="partner_id" ref="base_industry_data.res_partner_34"/>
    <field name="sale_order_template_id" ref="sale_order_template_1"/>
    <field name="user_id" ref="base.user_admin"/>
    <field name="project_id" ref="project_project_8"/>
  </record>
  <record id="sale_order_7" model="sale.order">
    <field name="partner_id" ref="base_industry_data.res_partner_22"/>
    <field name="user_id" ref="base.user_admin"/>
  </record>
  <record id="sale_order_2" model="sale.order">
    <field name="partner_id" ref="base_industry_data.res_partner_22"/>
    <field name="sale_order_template_id" ref="sale_order_template_1"/>
    <field name="user_id" ref="base.user_admin"/>
    <field name="project_id" ref="project_project_3"/>
  </record>
  <record id="sale_order_5" model="sale.order">
    <field name="partner_id" ref="res_partner_14"/>
    <field name="sale_order_template_id" ref="sale_order_template_2"/>
    <field name="user_id" ref="base.user_admin"/>
    <field name="project_id" ref="project_project_3"/>
  </record>
  <record id="sale_order_4" model="sale.order">
    <field name="partner_id" ref="base_industry_data.res_partner_31"/>
    <field name="sale_order_template_id" ref="sale_order_template_1"/>
    <field name="user_id" ref="base.user_admin"/>
    <field name="project_id" ref="project_project_3"/>
  </record>
  <record id="sale_order_6" model="sale.order">
    <field name="partner_id" ref="base_industry_data.res_partner_31"/>
    <field name="user_id" ref="base.user_admin"/>
    <field name="opportunity_id" ref="crm_lead_9"/>
  </record>
  <record id="sale_order_3" model="sale.order">
    <field name="partner_id" ref="base_industry_data.res_partner_22"/>
    <field name="sale_order_template_id" ref="sale_order_template_1"/>
    <field name="user_id" ref="base.user_admin"/>
    <field name="opportunity_id" ref="crm_lead_5"/>
    <field name="project_id" ref="project_project_3"/>
  </record>
  <record id="sale_order_1" model="sale.order">
    <field name="partner_id" ref="base_industry_data.res_partner_23"/>
    <field name="user_id" ref="base.user_admin"/>
    <field name="project_id" ref="project_project_3"/>
  </record>
</odoo>
