<?xml version='1.0' encoding='UTF-8'?>
<odoo noupdate="1" auto_sequence="1">
  <record id="sale_order_line_15" model="sale.order.line">
    <field name="order_id" ref="sale_order_10"/>
    <field name="product_id" ref="product_product_5"/>
    <field name="price_unit">960.05</field>
    <field name="project_id" ref="project_project_8"/>
  </record>
  <record id="sale_order_line_16" model="sale.order.line">
    <field name="order_id" ref="sale_order_10"/>
    <field name="product_id" ref="product_product_14"/>
    <field name="price_unit">20.0</field>
  </record>
  <record id="sale_order_line_12" model="sale.order.line">
    <field name="order_id" ref="sale_order_6"/>
    <field name="product_id" ref="product_product_5"/>
    <field name="name"><![CDATA[Fixed Price]]></field>
    <field name="price_unit">55.0</field>
  </record>
  <record id="sale_order_line_10" model="sale.order.line">
    <field name="order_id" ref="sale_order_7"/>
    <field name="product_id" ref="product_product_14"/>
    <field name="price_unit">20.0</field>
  </record>
  <record id="sale_order_line_11" model="sale.order.line">
    <field name="order_id" ref="sale_order_7"/>
    <field name="product_id" ref="product_product_13"/>
    <field name="price_unit">399.0</field>
    <field name="purchase_price">200.0</field>
  </record>
  <record id="sale_order_line_34" model="sale.order.line">
    <field name="order_id" ref="sale_order_7"/>
    <field name="product_id" ref="sale_timesheet.time_product"/>
    <field name="name"><![CDATA[Timesheets Installation - Electrical lines]]></field>
    <field name="product_uom_qty">10.0</field>
    <field name="price_unit">55.0</field>
    <field name="project_id" ref="project_project_6"/>
  </record>
  <record id="sale_order_line_21" model="sale.order.line">
    <field name="order_id" ref="sale_order_5"/>
    <field name="product_id" ref="sale_timesheet.time_product"/>
    <field name="name"><![CDATA[Timesheets Electrical systems for company - 220V outlets]]></field>
    <field name="price_unit">55.0</field>
    <field name="project_id" ref="project_project_5"/>
  </record>
  <record id="sale_order_line_46" model="sale.order.line">
    <field name="order_id" ref="sale_order_10"/>
    <field name="product_id" ref="product_product_5"/>
    <field name="name"><![CDATA[Fixed Price Intervention for electrical services]]></field>
    <field name="price_unit">55.0</field>
    <field name="project_id" ref="project_project_7"/>
  </record>
  <record id="sale_order_line_23" model="sale.order.line">
    <field name="order_id" ref="sale_order_6"/>
    <field name="display_type">line_section</field>
    <field name="name"><![CDATA[Home Appliances]]></field>
    <field name="product_uom_qty" eval="False"/>
  </record>
  <record id="sale_order_line_22" model="sale.order.line">
    <field name="order_id" ref="sale_order_6"/>
    <field name="product_id" ref="product_product_13"/>
    <field name="name"><![CDATA[Samsung NV68A1170BS_EC Multifunction Oven]]></field>
    <field name="price_unit">399.0</field>
    <field name="purchase_price">200.0</field>
  </record>
  <record id="sale_order_line_27" model="sale.order.line">
    <field name="order_id" ref="sale_order_6"/>
    <field name="product_id" ref="product_product_14"/>
    <field name="name"><![CDATA[Casa Moro Daya FL7240 Hand Painted Moroccan Ceramic Tiles 10 x 10 cm]]></field>
    <field name="product_uom_qty">10.0</field>
    <field name="price_unit">35.0</field>
  </record>
  <record id="sale_order_line_13" model="sale.order.line">
    <field name="order_id" ref="sale_order_3"/>
    <field name="product_id" ref="product_product_6"/>
    <field name="name"><![CDATA[Smooth Soundproof Armored Door Class 3]]></field>
    <field name="price_unit">1200.0</field>
    <field name="purchase_price">550.0</field>
  </record>
  <record id="sale_order_line_17" model="sale.order.line">
    <field name="order_id" ref="sale_order_3"/>
    <field name="product_id" ref="product_product_5"/>
    <field name="name"><![CDATA[Fixed Price]]></field>
    <field name="product_uom_qty">15.0</field>
    <field name="price_unit">55.0</field>
    <field name="project_id" ref="project_project_4"/>
  </record>
  <record id="sale_order_line_4" model="sale.order.line">
    <field name="order_id" ref="sale_order_1"/>
    <field name="product_id" ref="product_product_5"/>
    <field name="name"><![CDATA[Fixed Price]]></field>
    <field name="product_uom_qty">12.0</field>
    <field name="price_unit">55.0</field>
    <field name="project_id" ref="project_project_3"/>
  </record>
</odoo>
