<?xml version='1.0' encoding='UTF-8'?>
<odoo noupdate="1">
  <record id="stock_quant_1" model="stock.quant">
    <field name="product_id" ref="product_product_6"/>
    <field name="location_id" ref="stock.stock_location_suppliers"/>
    <field name="quantity">-1.0</field>
  </record>
  <record id="stock_quant_2" model="stock.quant">
    <field name="product_id" ref="product_product_6"/>
    <field name="location_id" ref="stock.stock_location_stock"/>
    <field name="quantity">1.0</field>
    <field name="reserved_quantity">1.0</field>
  </record>
  <record id="stock_quant_3" model="stock.quant">
    <field name="product_id" ref="product_product_13"/>
    <field name="location_id" ref="stock.stock_location_suppliers"/>
    <field name="quantity">-1.0</field>
  </record>
  <record id="stock_quant_4" model="stock.quant">
    <field name="product_id" ref="product_product_13"/>
    <field name="location_id" ref="stock.stock_location_stock"/>
    <field name="quantity">1.0</field>
    <field name="reserved_quantity">1.0</field>
  </record>
  <function name="action_apply_inventory" model="stock.quant" eval="[[
        ref('stock_quant_1'),
        ref('stock_quant_2'),
        ref('stock_quant_3'),
        ref('stock_quant_4'),
    ]]"/>
</odoo>
