<?xml version="1.0" encoding="utf-8"?>
<odoo noupdate="1">
    <!-- Règle lecture interventions par utilisateur -->
    <record id="intervention_user_rule_read" model="ir.rule">
        <field name="name">Lecture interventions par utilisateur</field>
        <field name="model_id" ref="model_intervention_intervention"/>
        <field name="domain_force">[("id", "!=", False)]</field>
        <field name="perm_read" eval="True"/>
        <field name="perm_write" eval="False"/>
        <field name="perm_create" eval="False"/>
        <field name="perm_unlink" eval="False"/>
        <field name="active" eval="True"/>
    </record>
    <!-- Règle écriture interventions par utilisateur -->
    <record id="intervention_user_rule_write" model="ir.rule">
        <field name="name">Écriture interventions par utilisateur</field>
        <field name="model_id" ref="model_intervention_intervention"/>
        <field name="domain_force">[("id", "!=", False)]</field>
        <field name="perm_read" eval="True"/>
        <field name="perm_write" eval="True"/>
        <field name="perm_create" eval="False"/>
        <field name="perm_unlink" eval="False"/>
        <field name="active" eval="True"/>
    </record>
    <!-- Règle création interventions par utilisateur -->
    <record id="intervention_user_rule_create" model="ir.rule">
        <field name="name">Création interventions par utilisateur</field>
        <field name="model_id" ref="model_intervention_intervention"/>
        <field name="domain_force">[("id", "!=", False)]</field>
        <field name="perm_read" eval="True"/>
        <field name="perm_write" eval="True"/>
        <field name="perm_create" eval="True"/>
        <field name="perm_unlink" eval="False"/>
        <field name="active" eval="True"/>
    </record>
    <!-- Règle suppression interventions par utilisateur -->
    <record id="intervention_user_rule_unlink" model="ir.rule">
        <field name="name">Suppression interventions par utilisateur</field>
        <field name="model_id" ref="model_intervention_intervention"/>
        <field name="domain_force">[("id", "!=", False)]</field>
        <field name="perm_read" eval="True"/>
        <field name="perm_write" eval="True"/>
        <field name="perm_create" eval="True"/>
        <field name="perm_unlink" eval="True"/>
        <field name="active" eval="True"/>
    </record>
</odoo>
