<?xml version='1.0' encoding='UTF-8'?>
<odoo noupdate="1">
  <record id="crm_tag_1" model="crm.tag">
    <field name="name">Nest thermostat</field>
  </record>
  <record id="crm_tag_2" model="crm.tag">
    <field name="name">Juicebox EV Charger</field>
  </record>
  <record id="crm_tag_3" model="crm.tag">
    <field name="name">Outdoor Flood Light</field>
  </record>
  <record id="crm_tag_4" model="crm.tag">
    <field name="name">Verification &amp; Inspection</field>
  </record>
  <record id="crm_tag_5" model="crm.tag">
    <field name="name">HVAC</field>
  </record>
  <record id="crm_tag_6" model="crm.tag">
    <field name="name">Emergency</field>
  </record>
  <record id="crm_tag_7" model="crm.tag">
    <field name="name">Surge</field>
  </record>
</odoo>
