<?xml version='1.0' encoding='UTF-8'?>
<odoo>
    <record id="action_vendor_bill_button" model="ir.actions.act_window">
        <field name="name">Vendor Bills</field>
        <field name="res_model">account.move</field>
        <field name="context">{'search_default_x_task_id': active_id, 'default_x_task_id': active_id, 'default_move_type': 'in_invoice'}</field>
        <field name="domain">[('x_task_id', '=', active_id), ('move_type','in', ('in_invoice', 'in_refund'))]</field>
        <field name="view_mode">list,form,graph</field>
        <field name="help" type="html">
            <p class="o_view_nocontent_smiling_face">
                Record a new vendor bill
            </p>
            <p>
                Vendors bills can be pre-generated based on purchase
                orders or receipts. This allows you to control bills
                you receive from your vendor according to the draft
                document in Odoo.
            </p>
        </field>
    </record>
</odoo>
