<?xml version='1.0' encoding='UTF-8'?>
<odoo>
  <record id="x_task_field" model="ir.model.fields">
    <field name="ttype">many2one</field>
    <field name="copied" eval="True"/>
    <field name="field_description">Task</field>
    <field name="model_id" ref="account.model_account_move"/>
    <field name="name">x_task_id</field>
    <field name="relation">project.task</field>
  </record>
  <record id="field_related_analytic_account_vendor_bill_count" model="ir.model.fields">
    <field name="ttype">integer</field>
    <field name="related">project_id.account_id.vendor_bill_count</field>
    <field name="field_description">Vendor Bills</field>
    <field name="model_id" ref="project.model_project_task"/>
    <field name="name">x_vendor_bill_count</field>
    <field name="readonly" eval="True"/>
    <field name="selectable" eval="False"/>
    <field name="store" eval="False"/>
  </record>
</odoo>
