<?xml version='1.0' encoding='UTF-8'?>
<odoo>
  <record id="project_task_form_custom" model="ir.ui.view">
    <field name="name">project.task.form customization</field>
    <field name="inherit_id" ref="project.view_task_form2"/>
    <field name="mode">extension</field>
    <field name="model">project.task</field>
    <field name="priority">99900</field>
    <field name="type">form</field>
    <field name="active" eval="True"/>
    <field name="arch" type="xml">
      <xpath expr="//button[@name='action_view_so']" position="before">
        <button name="%(action_vendor_bill_button)d" class="oe_stat_button" icon="fa-file-text-o" type="action" invisible="not sale_order_id">
          <field string="Vendor Bills" name="x_vendor_bill_count" widget="statinfo"/>
        </button>
      </xpath>
      <xpath expr="//field[@name='tag_ids']" position="after">
        <field name="allocated_hours"/>
        <field name="remaining_hours_percentage" string="Remaining Hours" widget="percentage"/>
      </xpath>
    </field>
  </record>
</odoo>
