<?xml version='1.0' encoding='UTF-8'?>
<odoo>
    <template id="welcome_article_body">
        <p class="oe-hint" data-oe-version="1.0">
            <span class="display-4-fs">
                <strong>Electrician Services</strong>
            </span>
        </p>
        <p>Welcome to your Odoo Electrician Services package! This guide will help you manage your Electrician business efficiently, from scheduling jobs to invoicing clients.</p>
        <div data-embedded="tableOfContent"></div>
        <h2>
            <span class="h1-fs">Basics</span>
        </h2>
        <hr />
        <p>Your Odoo Electrician Services package includes essential apps to streamline your operations:</p>
        <ul>
            <li>Use the <strong>Field Service</strong> app to manage service requests, schedule jobs, and track completion</li>
            <li>Track leads and opportunities with the <strong>CRM</strong> app</li>
            <li>Create professional quotes with the <strong>Sales</strong> app</li>
            <li>Manage your tools and equipment with the <strong>Inventory</strong> app</li>
            <li>Keep track of time spent on jobs with <strong>Timesheets</strong>
            </li>
        </ul>
        <div data-oe-protected="true" class="o_editor_banner o_not_editable lh-1 d-flex align-items-center alert alert-warning pb-0 pt-3">
            <i class="o_editor_banner_icon mb-3 fst-normal">⚠️</i>
            <div data-oe-protected="false" class="w-100 px-3">
                <p>If you want to easily discover every features of this package, try downloading the Demo Data.</p>
                <p>You can still do it by upgrading your package in Apps.</p>
                <p>Just be careful, once demo data are uploaded, it cannot be easily deleted. But you can restart a fresh database on <a href="http://Odoo.com/trial">Odoo.com/trial</a>
                </p>
            </div>
        </div>
        <h3>
            <br />
        </h3>
        <h3>Field Service Operations 🔧</h3>
        <p>The Field Service app is your central hub for managing jobs:</p>
        <ul>
            <li>Create and track service tickets for each job request</li>
            <li>Assign jobs to colleagues based on skills and location</li>
            <li>Document work with photos and detailed notes</li>
            <li>Track parts and materials used on each job</li>
            <li>Generate on-site work orders and completion reports</li>
        </ul>
        <p>
            <a href="https://www.odoo.com/documentation/latest/applications/services/field_service.html" class="btn btn-outline-primary">🎓 Field Service</a>
        </p>
        <div class="o_editor_banner user-select-none o_not_editable lh-1 d-flex align-items-center alert alert-info pb-0 pt-3">
            <i class="o_editor_banner_icon mb-3 fst-normal">💡</i>
            <div class="w-100 px-3">
                <p>The module enhances the creation of vendor bills directly from the Field Service App, ensuring better tracking of the budget for material consumption.</p>
                <p>In combination with the Client Rating system for tasks and Timesheet management, it provides a comprehensive three-way tracking of your performance, allowing you to manage your business more precisely than ever.</p>
            </div>
        </div>
        <p>
            <br />
        </p>
        <h3>Customer Management (CRM) 🤝</h3>
        <p>The CRM app helps track leads and manage customer relationships:</p>
        <ul>
            <li>Capture and qualify new service requests</li>
            <li>Track ongoing opportunities and estimates</li>
            <li>Store detailed customer history and preferences</li>
            <li>Follow up on quotes and maintenance reminders</li>
            <li>Monitor your sales pipeline</li>
        </ul>
        <p>
            <a href="https://www.odoo.com/documentation/latest/applications/sales/crm.html" class="btn btn-outline-primary">🎓 CRM</a>
        </p>
        <p>
            <br />
        </p>
        <h3>Appointment Scheduling 📅</h3>
        <p>The Appointment app streamlines your booking process:</p>
        <ul>
            <li>Set up different appointment types for various services</li>
            <li>Define your availability and working hours</li>
            <li>Enable online booking for clients</li>
            <li>Send automatic reminders and confirmations</li>
        </ul>
        <p>
            <br />
        </p>
        <h3>Sales &amp; Quoting 💰</h3>
        <p>The Sales app helps create professional quotes:</p>
        <ul>
            <li>Build detailed estimates for complex jobs</li>
            <li>Include materials and labor costs</li>
            <li>Set up standard pricing for common services</li>
            <li>Track quote acceptance and conversion rates</li>
            <li>Generate professional-looking documents</li>
        </ul>
        <p>
            <a class="btn btn-outline-primary" href="https://www.odoo.com/documentation/latest/applications/sales/sales.html">🎓 Sales</a>
            <br />
        </p>
        <div class="o_editor_banner user-select-none o_not_editable lh-1 d-flex align-items-center alert alert-info pb-0 pt-3">
            <i class="o_editor_banner_icon mb-3 fst-normal">💡</i>
            <div class="w-100 px-3">
                <p>You may want to use the quote calculator feature to compute your material cost without detailing everything in your quotation.</p>
                <p>
                    <a href="https://www.odoo.com/event/odoo-experience-2024-4662/track/revolutionizing-sales-quotations-unleashing-the-power-of-the-quote-calculator-6627" class="btn btn-secondary">Learn more</a>
                    <br />
                </p>
            </div>
        </div>
        <p>
            <br />
        </p>
        <h3>Inventory &amp; Purchases Management 🛠️</h3>
        <p>The Inventory and Purchase apps help manage your tools and supplies:</p>
        <ul>
            <li>Track your equipment and materials inventory</li>
            <li>Monitor tool assignments to technicians</li>
            <li>Set reordering points for common supplies</li>
            <li>Process material receipts and returns</li>
        </ul>
        <p>
            <a href="https://www.odoo.com/documentation/latest/applications/inventory_and_mrp/inventory.html" class="btn btn-outline-primary">🎓 Inventory</a>
        </p>
        <p>
            <br />
        </p>
        <h3>Time Tracking ⏱️</h3>
        <p>The Timesheet app helps monitor job efficiency:</p>
        <ul>
            <li>Log time spent on each service call</li>
            <li>Track travel time between jobs</li>
            <li>Monitor technician productivity</li>
            <li>Generate accurate billing based on time</li>
            <li>Analyse job profitability</li>
        </ul>
        <p>
            <a href="https://www.odoo.com/documentation/latest/applications/services/timesheets.html" class="btn btn-outline-primary">🎓 Timesheets</a>
        </p>
        <h3 style="margin-bottom: 0px;">
            <br />
        </h3>
        <div data-oe-protected="true" class="o_editor_banner o_not_editable lh-1 d-flex align-items-center alert alert-success pb-0 pt-3">
            <i class="o_editor_banner_icon mb-3 fst-normal">✅</i>
            <div data-oe-protected="false" class="w-100 px-3">
                <p>
                    <strong>
                        <span class="h2-fs">Tips for Success</span>
                    </strong>
                </p>
                <p>
                    <strong>Standardize Your Services</strong>
                </p>
                <ul>
                    <li>Create templates for common jobs</li>
                    <li>Use checklists for quality control</li>
                    <li>Document standard procedures</li>
                </ul>
                <p>
                    <strong>Optimize Your Schedule</strong>
                </p>
                <ul>
                    <li>Group jobs by location to reduce travel time</li>
                    <li>Build in buffer time for emergencies</li>
                    <li>Keep your calendar updated</li>
                </ul>
                <p>
                    <strong>Stay Organized</strong>
                </p>
                <ul>
                    <li>Take before and after photos</li>
                    <li>Document all client communications</li>
                    <li>Keep detailed job notes</li>
                    <li>Track warranties and follow-ups</li>
                </ul>
                <p>
                    <strong>Maintain Customer Relations</strong>
                </p>
                <ul>
                    <li>Follow up after service completion</li>
                    <li>Send maintenance reminders</li>
                    <li>Request reviews from satisfied clients</li>
                </ul>
            </div>
        </div>
        <h2>
            <br />
        </h2>
        <h1>Do You Want to Go Further?</h1>
        <hr />
        <p>Odoo offers additional possibilities to enhance your electrician services business:</p>
        <ul>
            <li>Add the <strong>Website</strong> app to showcase your services and allow online booking</li>
            <li>Add <strong>SMS Marketing</strong> to send appointment reminders and follow-ups</li>
            <li>Use <strong>Documents</strong> to store warranties, manuals, and client documents</li>
        </ul>
        <p>These features can be added to your current subscription. Feel free to explore and expand your Odoo experience!</p>
        <div data-oe-protected="true" class="o_editor_banner o_not_editable lh-1 d-flex align-items-center alert alert-info pb-0 pt-3">
            <i class="o_editor_banner_icon mb-3 fst-normal">🚀</i>
            <div data-oe-protected="false" class="w-100 px-3">
                <p>Would you like to discuss your Odoo setup with us or explore more features?</p>
                <p>
                    <a class="btn btn-primary" href="https://www.odoo.com/contactus">Reach us</a>
                    <br />
                </p>
            </div>
        </div>
    </template>

    <record id="welcome_article" model="knowledge.article">
        <field name="name">Electricians Services</field>
        <field name="body"><![CDATA[]]></field>
        <field name="is_article_visible_by_everyone" eval="True"/>
        <field name="internal_permission">write</field>
        <field name="is_locked" eval="True"/>
        <field name="cover_image_id" ref="knowledge_cover_6" />
        <field name="icon">⚡</field>
    </record>
</odoo>
