<?xml version='1.0' encoding='UTF-8'?>
<odoo noupdate="1">
  <record id="product_product_6" model="product.product">
    <field name="image_1920" type="base64" file="electrician/static/src/binary/product_template/6-image_1920"/>
    <field name="name">Electric Vehicle Charger System</field>
    <field name="list_price">1200.0</field>
    <field name="is_storable" eval="True"/>
    <field name="purchase_method">receive</field>
    <field name="service_type">manual</field>
    <field name="invoice_policy">order</field>
    <field name="standard_price">550.0</field>
  </record>
  <record id="product_product_14" model="product.product">
    <field name="image_1920" type="base64" file="electrician/static/src/binary/product_template/4-image_1920"/>
    <field name="name">Lutron Maestro Motion Sensor Switch</field>
    <field name="list_price">20.0</field>
    <field name="purchase_method">receive</field>
    <field name="service_type">manual</field>
    <field name="invoice_policy">order</field>
  </record>
  <record id="product_product_13" model="product.product">
    <field name="image_1920" type="base64" file="electrician/static/src/binary/product_template/5-image_1920"/>
    <field name="name">Siemens 200A Main Breaker Panel</field>
    <field name="list_price">399.0</field>
    <field name="is_storable" eval="True"/>
    <field name="purchase_method">receive</field>
    <field name="service_type">manual</field>
    <field name="invoice_policy">order</field>
    <field name="standard_price">200.0</field>
  </record>
  <record id="product_product_5" model="product.product">
    <field name="name">Various Materials</field>
    <field name="type">service</field>
    <field name="service_tracking">task_in_project</field>
    <field name="list_price">55.0</field>
    <field name="uom_id" ref="uom.product_uom_hour"/>
    <field name="purchase_method">purchase</field>
    <field name="service_type">manual</field>
    <field name="invoice_policy">order</field>
  </record>
</odoo>
