<?xml version='1.0' encoding='UTF-8'?>
<odoo noupdate="1">
    <record id="res_config_account_setting_electrician" model="res.config.settings">
        <field name="group_product_pricelist" eval="1"/>
        <field name="group_analytic_accounting" eval="1"/>
        <field name="group_sale_order_template" eval="1"/>
        <field name="company_so_template_id" ref="sale_order_template_1"/>
    </record>

    <function name="execute" model="res.config.settings">
        <value eval="[ref('res_config_account_setting_electrician')]"/>
    </function>
</odoo>
