<?xml version='1.0' encoding='UTF-8'?>
<odoo noupdate="1">
  <record id="sale_order_template_line_3" model="sale.order.template.line">
    <field name="sale_order_template_id" ref="sale_order_template_1"/>
    <field name="product_id" ref="product_product_5"/>
  </record>
  <record id="sale_order_template_line_7" model="sale.order.template.line">
    <field name="sale_order_template_id" ref="sale_order_template_2"/>
    <field name="product_id" ref="sale_timesheet.time_product"/>
  </record>
</odoo>
