<?xml version="1.0" encoding="utf-8"?>
<odoo>
    <data noupdate="1">
        <record id="ir_cron_cleanup_geocoding_cache" model="ir.cron">
            <field name="name">Intervention: Cleanup geocoding cache</field>
            <field name="model_id" ref="model_intervention_geocoding_cache"/>
            <field name="state">code</field>
            <field name="code">model.cleanup_old_cache()</field>
            <field name="interval_number">1</field>
            <field name="interval_type">days</field>
            <field name="active">True</field>
            <field name="user_id" ref="base.user_root"/>
        </record>
    </data>
</odoo>
