<?xml version="1.0" encoding="utf-8"?>
<odoo>

    <!-- Template d'email pour l'envoi du rapport -->
    <record id="email_template_rapport_intervention" model="mail.template">
        <field name="name">Rapport d'intervention - Envoi automatique</field>
        <field name="model_id" ref="model_intervention_intervention"/>
    <field name="subject">Rapport d'intervention {{ object.numero }}{% if object.numero_donneur_ordre %} - N° DO: {{ object.numero_donneur_ordre }}{% endif %} - {{ object.donneur_ordre_id.name }}</field>
        <field name="email_from">{{ user.email or 'noreply@odoo.com' }}</field>
        <field name="email_to">{{ object.donneur_ordre_id.email }}</field>
        <field name="body_html" type="html">
            <div style="margin: 0px; padding: 0px; font-family: Arial, sans-serif;">
                <table border="0" cellpadding="0" cellspacing="0" style="padding-top: 16px; background-color: #F1F2F3; font-family: Arial,sans-serif; color: #454748; width: 100%; border-collapse:separate;">
                    <tr>
                        <td align="center">
                            <table border="0" cellpadding="0" cellspacing="0" width="590" style="padding: 16px; background-color: white; color: #454748; border-collapse:separate;">
                                <tbody>
                                    <!-- HEADER -->
                                    <tr>
                                        <td align="center" style="min-height: 50px; color: #2C5282;">
                                            <h2 style="margin: 0px; padding: 0px;">RAPPORT D'INTERVENTION</h2>
                                            <h3 style="margin: 0px; padding: 0px; color: #666;">{{ object.numero }}</h3>
                                        </td>
                                    </tr>
                                    <!-- CONTENT -->
                                    <tr>
                                        <td style="padding-top: 20px;">
                                            <p>Bonjour,</p>
                                            <p>Veuillez trouver ci-joint le rapport de l'intervention réalisée :</p>
                                            
                                            <table style="width: 100%; border-collapse: collapse; margin: 20px 0;">
                                                <tr style="background-color: #f8f9fa;">
                                                    <td style="padding: 8px; border: 1px solid #dee2e6;"><strong>N° Intervention</strong></td>
                                                    <td style="padding: 8px; border: 1px solid #dee2e6;">{{ object.numero }}</td>
                                                </tr>
                                                <tr>
                                                    <td style="padding: 8px; border: 1px solid #dee2e6;"><strong>Date</strong></td>
                                                    <td style="padding: 8px; border: 1px solid #dee2e6;">{{ format_datetime(object.date_prevue, tz=user.tz, dt_format='dd/MM/yyyy HH:mm') }}</td>
                                                </tr>
                                                <tr style="background-color: #f8f9fa;">
                                                    <td style="padding: 8px; border: 1px solid #dee2e6;"><strong>Type d'intervention</strong></td>
                                                    <td style="padding: 8px; border: 1px solid #dee2e6;">{{ object.type_intervention.title() }}</td>
                                                </tr>
                                                <tr>
                                                    <td style="padding: 8px; border: 1px solid #dee2e6;"><strong>Technicien</strong></td>
                                                    <td style="padding: 8px; border: 1px solid #dee2e6;">{{ object.technicien_principal_id.name }}</td>
                                                </tr>
                                                <tr style="background-color: #f8f9fa;">
                                                    <td style="padding: 8px; border: 1px solid #dee2e6;"><strong>Adresse</strong></td>
                                                    <td style="padding: 8px; border: 1px solid #dee2e6;">{{ object.adresse_intervention }}</td>
                                                </tr>
                                                {% if object.numero_donneur_ordre %}
                                                <tr>
                                                    <td style="padding: 8px; border: 1px solid #dee2e6;"><strong>Votre référence</strong></td>
                                                    <td style="padding: 8px; border: 1px solid #dee2e6;">{{ object.numero_donneur_ordre }}</td>
                                                </tr>
                                                {% endif %}
                                            </table>
                                            
                                            {% if object.validation_client %}
                                            <div style="background-color: #d4edda; border: 1px solid #c3e6cb; padding: 10px; margin: 20px 0; border-radius: 4px;">
                                                <strong>✅ Intervention validée par le client</strong><br/>
                                                Signataire : {{ object.nom_signataire }}<br/>
                                                Date : {{ format_datetime(object.date_signature, tz=user.tz, dt_format='dd/MM/yyyy HH:mm') }}
                                            </div>
                                            {% endif %}
                                            
                                            <p style="margin-top: 20px;">
                                                Le rapport complet est disponible en pièce jointe.
                                            </p>
                                            
                                            <p>
                                                Cordialement,<br/>
                                                {{ user.name }}<br/>
                                                {{ user.company_id.name }}
                                            </p>
                                        </td>
                                    </tr>
                                    <!-- FOOTER -->
                                    <tr>
                                        <td style="text-align: center; font-size: 12px; color: #999; padding-top: 20px;">
                                            <hr style="border: none; border-top: 1px solid #ddd; margin: 20px 0;"/>
                                            Ce message a été envoyé automatiquement par {{ user.company_id.name }}
                                        </td>
                                    </tr>
                                </tbody>
                            </table>
                        </td>
                    </tr>
                </table>
            </div>
        </field>
        <field name="report_template" ref="action_rapport_intervention_pdf"/>
        <field name="auto_delete" eval="True"/>
    </record>

</odoo>
