<?xml version='1.0' encoding='UTF-8'?>
<odoo noupdate="1">
    <record id="res_partner_category_6" model="res.partner.category">
        <field name="partner_ids" eval="[(6, 0, [ref('res_users_7_res_partner')])]"/>
    </record>
    <record id="res_partner_category_9" model="res.partner.category">
        <field name="partner_ids" eval="[(6, 0, [ref('base.main_partner')])]"/>
    </record>
    <record id="res_partner_category_7" model="res.partner.category">
        <field name="partner_ids" eval="[(6, 0, [ref('base.partner_admin')])]"/>
    </record>
    <record id="res_partner_category_2" model="res.partner.category">
        <field name="partner_ids" eval="[(6, 0, [ref('res_partner_26'), ref('res_partner_21'), ref('res_partner_24'), ref('res_partner_22'), ref('res_partner_30'), ref('res_partner_23')])]"/>
    </record>
    <record id="res_partner_category_1" model="res.partner.category">
        <field name="partner_ids" eval="[(6, 0, [ref('res_partner_25'), ref('res_partner_27'), ref('res_partner_28'), ref('res_partner_29')])]"/>
    </record>
    <record id="res_partner_category_13" model="res.partner.category">
        <field name="partner_ids" eval="[(6, 0, [ref('res_partner_27')])]"/>
    </record>
    <record id="res_partner_category_10" model="res.partner.category">
        <field name="partner_ids" eval="[(6, 0, [ref('res_partner_19')])]"/>
    </record>
    <record id="res_partner_category_3" model="res.partner.category">
        <field name="partner_ids" eval="[(6, 0, [ref('res_partner_22')])]"/>
    </record>
    <record id="res_partner_category_4" model="res.partner.category">
        <field name="partner_ids" eval="[(6, 0, [ref('res_partner_30')])]"/>
    </record>
    <record id="res_partner_category_5" model="res.partner.category">
        <field name="partner_ids" eval="[(6, 0, [ref('res_partner_34'), ref('res_partner_24')])]"/>
    </record>
    <record id="res_partner_category_11" model="res.partner.category">
        <field name="partner_ids" eval="[(6, 0, [ref('base.partner_admin'), ref('res_users_7_res_partner')])]"/>
    </record>
    <record id="res_partner_category_8" model="res.partner.category">
        <field name="partner_ids" eval="[(6, 0, [ref('res_partner_20')])]"/>
    </record>
</odoo>
