<?xml version='1.0' encoding='UTF-8'?>
<odoo noupdate="1">
    <record id="res_partner_35" model="res.partner">
        <field name="image_1920" type="base64" file="base_industry_data/static/src/binary/res_partner/35-image_1920"/>
        <field name="name">Fifth Company</field>
        <field name="street">Rue Paul Reuter 8</field>
        <field name="zip">6700</field>
        <field name="city">Arlon</field>
        <field name="country_id" ref="base.be"/>
        <field name="is_company" eval="True"/>
    </record>
    <record id="res_partner_26" model="res.partner">
        <field name="image_1920" type="base64" file="base_industry_data/static/src/binary/res_partner/26-image_1920"/>
        <field name="name">John Smith</field>
        <field name="parent_id" ref="res_partner_35"/>
        <field name="street">Rue Paul Reuter 8</field>
        <field name="zip">6700</field>
        <field name="city">Arlon</field>
        <field name="country_id" ref="base.be"/>
        <field name="email">john.smith@fifth.example.com</field>
    </record>
    <record id="res_partner_31" model="res.partner">
        <field name="image_1920" type="base64" file="base_industry_data/static/src/binary/res_partner/31-image_1920"/>
        <field name="name">First Company</field>
        <field name="street">Rue du Laid Burniat 5</field>
        <field name="zip">1348</field>
        <field name="city">Ottignies-Louvain-la-Neuve</field>
        <field name="country_id" ref="base.be"/>
        <field name="is_company" eval="True"/>
    </record>
    <record id="res_partner_21" model="res.partner">
        <field name="image_1920" type="base64" file="base_industry_data/static/src/binary/res_partner/21-image_1920"/>
        <field name="name">Amanda White</field>
        <field name="parent_id" ref="res_partner_31"/>
        <field name="street">Rue du Laid Burniat 5</field>
        <field name="zip">1348</field>
        <field name="city">Ottignies-Louvain-la-Neuve</field>
        <field name="country_id" ref="base.be"/>
        <field name="email">amanda.white@first.example.com</field>
    </record>
    <record id="res_partner_34" model="res.partner">
        <field name="image_1920" type="base64" file="base_industry_data/static/src/binary/res_partner/34-image_1920"/>
        <field name="name">Fourth Company</field>
        <field name="street">40 Fountain Plaza</field>
        <field name="street2">Suite 1200</field>
        <field name="zip">14202</field>
        <field name="city">Buffalo</field>
        <field name="state_id" ref="base.state_us_27"/>
        <field name="country_id" ref="base.us"/>
        <field name="is_company" eval="True"/>
    </record>
    <record id="res_partner_24" model="res.partner">
        <field name="image_1920" type="base64" file="base_industry_data/static/src/binary/res_partner/24-image_1920"/>
        <field name="name">Emily Johnson</field>
        <field name="parent_id" ref="res_partner_34"/>
        <field name="street">40 Fountain Plaza</field>
        <field name="street2">Suite 1200</field>
        <field name="zip">14202</field>
        <field name="city">Buffalo</field>
        <field name="state_id" ref="base.state_us_27"/>
        <field name="country_id" ref="base.us"/>
        <field name="email">emily.johnson@fourth.example.com</field>
    </record>
    <record id="res_partner_25" model="res.partner">
        <field name="image_1920" type="base64" file="base_industry_data/static/src/binary/res_partner/25-image_1920"/>
        <field name="name">Jessica Martinez</field>
        <field name="street">Chaussée de Namur 40</field>
        <field name="zip">1367</field>
        <field name="city">Grand-Rosière</field>
        <field name="country_id" ref="base.be"/>
        <field name="email">jessica.martinez@b2c.example.com</field>
    </record>
    <record id="res_partner_27" model="res.partner">
        <field name="image_1920" type="base64" file="base_industry_data/static/src/binary/res_partner/27-image_1920"/>
        <field name="name">Lisa Anderson</field>
        <field name="street">Avda Cortes Valencianas, s/n portal 58</field>
        <field name="zip">46015</field>
        <field name="city">Valencia</field>
        <field name="country_id" ref="base.es"/>
        <field name="email">lisa.anderson@b2c.example.com</field>
    </record>
    <record id="res_partner_28" model="res.partner">
        <field name="image_1920" type="base64" file="base_industry_data/static/src/binary/res_partner/28-image_1920"/>
        <field name="name">Mike Brown</field>
        <field name="street">Rue Brederode 16</field>
        <field name="zip">1000</field>
        <field name="city">Bruxelles</field>
        <field name="country_id" ref="base.be"/>
        <field name="email">mike.brown@b2c.example.com</field>
    </record>
    <record id="base.main_partner" model="res.partner" forcecreate="1">
        <field name="image_1920" type="base64" file="base_industry_data/static/src/binary/res_company/MC.png"/>
        <field name="name">MyCompany</field>
        <field name="website">http://odoo.com</field>
        <field name="street">Rue des Bourlottes 9</field>
        <field name="zip">1367</field>
        <field name="city">Ramillies</field>
        <field name="email">hello@yourcompany.example.com</field>
        <field name="phone">+1 650-691-3277</field>
        <field name="is_company" eval="True"/>
    </record>
    <record id="res_partner_29" model="res.partner">
        <field name="image_1920" type="base64" file="base_industry_data/static/src/binary/res_partner/29-image_1920"/>
        <field name="name">Sarah Davis</field>
        <field name="street">Avenue de Miramar 11</field>
        <field name="zip">1000</field>
        <field name="city">Bruxelles</field>
        <field name="country_id" ref="base.be"/>
        <field name="email">sarah.davis@b2c.example.com</field>
    </record>
    <record id="res_partner_32" model="res.partner">
        <field name="image_1920" type="base64" file="base_industry_data/static/src/binary/res_partner/32-image_1920"/>
        <field name="name">Second Company</field>
        <field name="street">Roderverldlaan 3</field>
        <field name="zip">2600</field>
        <field name="city">Antwerpen</field>
        <field name="country_id" ref="base.be"/>
        <field name="is_company" eval="True"/>
    </record>
    <record id="res_partner_22" model="res.partner">
        <field name="image_1920" type="base64" file="base_industry_data/static/src/binary/res_partner/22-image_1920"/>
        <field name="name">Chris Taylor</field>
        <field name="parent_id" ref="res_partner_32"/>
        <field name="function">Purchase Manager</field>
        <field name="street">Roderverldlaan 3</field>
        <field name="zip">2600</field>
        <field name="city">Antwerpen</field>
        <field name="country_id" ref="base.be"/>
        <field name="email">chris.taylor@second.example.com</field>
    </record>
    <record id="res_partner_30" model="res.partner">
        <field name="image_1920" type="base64" file="base_industry_data/static/src/binary/res_partner/30-image_1920"/>
        <field name="name">Tom Wilson</field>
        <field name="parent_id" ref="res_partner_32"/>
        <field name="function">Sales Manager</field>
        <field name="street">Roderverldlaan 3</field>
        <field name="zip">2600</field>
        <field name="city">Antwerpen</field>
        <field name="country_id" ref="base.be"/>
        <field name="email">tom.wilson@second.example.com</field>
    </record>
    <record id="res_partner_33" model="res.partner">
        <field name="image_1920" type="base64" file="base_industry_data/static/src/binary/res_partner/33-image_1920"/>
        <field name="name">Third Company</field>
        <field name="street">Rue de Ramilies 1</field>
        <field name="zip">1367</field>
        <field name="city">Ramilies</field>
        <field name="country_id" ref="base.be"/>
        <field name="is_company" eval="True"/>
    </record>
    <record id="res_partner_23" model="res.partner">
        <field name="image_1920" type="base64" file="base_industry_data/static/src/binary/res_partner/23-image_1920"/>
        <field name="name">David Lee</field>
        <field name="parent_id" ref="res_partner_33"/>
        <field name="street">Rue de Ramilies 1</field>
        <field name="zip">1367</field>
        <field name="city">Ramilies</field>
        <field name="country_id" ref="base.be"/>
        <field name="email">david.lee@third.example.com</field>
    </record>
    <record id="res_partner_19" model="res.partner">
        <field name="image_1920" type="base64" file="base_industry_data/static/src/binary/res_partner/19-image_1920"/>
        <field name="name">YourCompany</field>
        <field name="street">Avenue des déportés 48</field>
        <field name="zip">1367</field>
        <field name="city">Ramillies</field>
        <field name="country_id" ref="base.be"/>
        <field name="email">hello@yourcompany.example.com</field>
        <field name="phone">+32 123456789</field>
        <field name="is_company" eval="True"/>
    </record>
    <record id="res_partner_20" model="res.partner">
        <field name="name">Lee Portal</field>
        <field name="image_1920" type="base64" file="base_industry_data/static/src/binary/res_partner/20-image_1920.png"/>
        <field name="function">Chief Executive Officer</field>
        <field name="email">lee.portal@yourcompany.example.com</field>
        <field name="parent_id" ref="res_partner_19"/>
    </record>
</odoo>
